수집일시,앱,플랫폼,작성일,평점,사용자ID,리뷰,불만사항
2026-07-15 05:15:04,개인,Android,2026-07-14 01:03:56,2,"ji yeon24","앱이 열리지 않아요..",기타
2026-07-15 05:15:04,개인,Android,2026-07-13 09:04:33,1,"김혜현","ui 바뀐이후부터 무한로딩 엄청떠요 캐시삭제해도 똑같구요 급할때 사용을 못 하니까 다른은행으로 갈아타려구요",속도/성능
2026-07-15 05:15:04,개인,Android,2026-07-13 01:45:04,2,"S J","한번에 로그인 되는 법이 없네요. 지문인식 하고 무한 로딩, 껐다가 다시 로그인 해야하고. 무슨 메뉴만 선택하면 또 로딩. 다른 은행어플은 잘만 되는데 기업은행은 뭐가 문제인가요. 들어갈 때마다 이러네요. 캐시 삭제 해도 똑같고요. 다른 은행이랑 증권도 다 잘 되는데 기업은행 때문에 기업은행 어플 들어갈 때마다 재부팅을 해야되는 것도 문제 아닌가요?",로그인
2026-07-15 05:15:04,개인,Android,2026-07-11 15:34:15,1,"시딘","인증서 갱신하라고해서 비번쳤는데 먹통되고 안들어가짐 학씨",앱 실행/오류
2026-07-15 05:15:04,개인,Android,2026-07-10 07:56:47,1,"박현성","i-ONE 뱅크에서 상품가입(신용대출, 전세대출 두가지만 확인) 2단계에서 다음 단계로 넘어가 지지 않고 무한로딩(10분~40분 대기) 상태가 발생됩니다. 아래는 해결하기 위해 시도한 방법들입니다. 앱캐시와 Android 시스템 WebView 캐시 모두 삭제, 삭제 후 재설치, 재부팅, 비행기모드 온 오프, 통신사 Wi-Fi 끄고 LTE/5G로 전환, 기기 전환(스마트폰 - 태블릿) 후 앱설치, NICE(나이스평가정보)나 KCB(올크레딧)에 신용조회 차단 미설정, 스마트폰 백그라운드에서 실행 중인 앱을 모두 종료 후 재실행, 광고 차단/사설 디엔에스/브이피엔 없음, 시간 자동 설정 확인(설정 → 날짜 및 시간 → 자동 설정 켜기), i-ONE 가드 비대면 금융거래 차단, 여신거래 안심차단류 미설정 확인. 최근 리뷰를 확인해 보니까 저와 비슷한 현상을 겪는 분들이 좀 있는 것으로 파악됩니다. 상담사 연결하라고만 하지 마시고 서버나 기관간 연동 지연/장애가 없는지부터 확인 부탁드립니다.",이체/거래
2026-07-15 05:15:04,개인,Android,2026-07-10 01:10:41,2,"Bada Kim","고객확인 신분증 촬영 인식률 너무 안좋아요ㅡㅡ 별짓을 해도 안되네...하...",신분증인식
2026-07-15 05:15:04,개인,Android,2026-07-10 01:01:21,1,"Hyeyeon Lee","로딩화면에서 안넘어가서 삭제후 재설치했는데도 안되네요ㅡㅡ 송금할일있는데 답답",이체/거래
2026-07-15 05:15:04,개인,Android,2026-07-09 13:41:59,1,"김문명","신분증촬영 도랐나",신분증인식
2026-07-15 05:15:04,개인,Android,2026-07-09 10:17:42,1,"YONGHYUN “5PHTH” KIM","갑자기 너무 느려졌습니다",속도/성능
2026-07-15 05:15:04,개인,Android,2026-07-06 10:22:21,2,"황영진","안되노 재설치했는데 ㅡㅡ",기타
2026-07-15 05:15:04,개인,Android,2026-07-05 00:49:42,1,"심심쟁이","잘쓰다가 접속이안된다 재설치해보려하는데 재설치도 안된다 불안한어플",기타
2026-07-15 05:15:04,개인,Android,2026-07-04 14:58:51,1,"정귀민","너무랙이심하게걸려요. 금액환인하는대30분걸리고이체도30분걸리네요탈퇴가하고싶너지네요",이체/거래
2026-07-15 05:15:04,개인,Android,2026-07-03 11:44:05,1,"강명진","왜 안열리는건가요",기타
2026-07-15 05:15:04,개인,Android,2026-07-03 00:19:40,1,"소나기","자꾸 로딩화면만 나오고 댓글처럼 캐시를 삭제해도 안넘어가고 업뎃도 안통하고 답답해요 +) 재설치해도 로딩화면만 돌아가요 공통적인 리뷰가 로딩화면만 돌아가서 앱을 사용하지 못한다는건데 이걸 자꾸 고객센터에 연락달라고만 하지말고 앱을 오류를 확인하고 개선해주세요. 주거래로 쓰고 있는데 주거래하던 고객들도 다른 은행으로 갈아탈거같네요 ㅡㅡ",앱 실행/오류
2026-07-15 05:15:04,개인,Android,2026-07-01 14:58:43,1,"somi somi","왜실행이안되요? 나만이래요??",기타
2026-07-15 05:15:04,개인,Android,2026-06-30 03:23:53,1,"sanghoon kim","몇일 전 부터 갑자기 접속 안되고 무한로딩만 하는데 빨리 조치 하세요~!! i-one알림도 동일하게 안됩니다~! 마지막에 인터넷연결 안됨으로 팝업창 나옵니다.",속도/성능
2026-07-15 05:15:04,개인,Android,2026-06-30 02:38:26,1,"김민호","갑자기 너무 느려짐.",속도/성능
2026-07-15 05:15:04,개인,Android,2026-06-29 04:06:55,1,"Still Alive","뭘 이리 요구하냐",기타
2026-07-15 05:15:04,개인,Android,2026-06-27 10:51:05,1,"최용석","앱인증할때마다 꼭 뭐 하나는 환장하고 미치는 만들다 만것같은 앱 문자보내란거 입력하는데 왜 죽으라고 오류야? 뭐 하나 할때마다 꼭 이상한 부분 튀어나와서 마무리를 못하게 만들지 이게 대체 몇번째야 앱 관리자는 테스트도 안돌리기 앱을 만드는지 진짜 이따위로 하면서 월급받아가는게 짜증난다",앱 실행/오류
2026-07-15 05:15:04,개인,Android,2026-06-27 09:16:16,2,"박태범","해외에서 송금 느림",이체/거래
2026-07-15 05:15:04,개인,Android,2026-06-27 01:09:11,1,"천사아빠,","계속해서 서비스가 원활하지 않다고 나오는거죠 몇일째 이체도 못하고 짜증이 너무나네요",이체/거래
2026-07-15 05:15:04,개인,Android,2026-06-26 14:37:35,1,"김창종","이렇게 느리고 후진앱은처음보네 돈이라도넣겠냐 화면이 넘어가지을않네",디자인/사용성
2026-07-15 05:15:04,개인,Android,2026-06-26 09:43:25,1,"River Yu","입금 내역이 안보임",이체/거래
2026-07-15 05:15:04,개인,Android,2026-06-26 08:23:27,1,"이창환","지금 앱 안됩니다",기타
2026-07-15 05:15:04,개인,Android,2026-06-26 04:43:13,1,"신유진","앱이 안열려요..어제까지 잘되던 앱이 갑자기 오늘 하루종일 안열려요...무슨 사정인지 알려주세요",기타
2026-07-15 05:15:04,개인,Android,2026-06-26 03:37:58,1,"Luke Kqs (Luke)","모바일신분증 이용해서 회원가입하는데 무한회원가입 해야하네요",신분증인식
2026-07-15 05:15:04,개인,Android,2026-06-25 21:22:02,1,"SSS","보안 최악. 오랜만에 폰 바꾸고 다시 사용하려 하니 얼굴을 찍고 안면인식을 해야만 이용 가능한 걸로 바뀜. 이런 과한 인증 행위는 중국에서나 하는 짓이고, 이런 짓을 하면서까지 기업은행을 계속 이용해야 할 필요가 없음. 삭제하고 잔금 다 빼고 일체 거래하지 않을 예정.",이체/거래
2026-07-15 05:15:04,개인,Android,2026-06-25 10:32:33,1,"라이름파","이렇게 신분증 인식 못하는건 처음 봅니다... 환장 하겠네요... 다른 방법도 딱히 없고...",신분증인식
2026-07-15 05:15:04,개인,Android,2026-06-25 06:04:43,1,"유지연","로딩화면이 세월아 네월아",속도/성능
2026-07-15 05:15:04,개인,Android,2026-06-25 05:52:50,1,"ARS","무한로딩",속도/성능
2026-07-15 05:15:04,개인,Android,2026-06-25 05:52:19,1,"똘래미","캐시 삭제를 해도 동일하게 하얀 화면만 나옵니다. 급하게 이체를 해야하는데 ATM기를 찾아가게 만드시네요.. 그리고 다른 앱들은 실행에 문제 전혀 없는데 이 앱을 사용할 때 주기적으로 캐시를 지워줘야한다면 앱에 문제가 있는거 아닌가요? ㅡㅡㅡㅡㅡㅡㅡㅡㅡㅡㅡㅡㅡㅡㅡㅡㅡㅡㅡㅡ 와 재설치를 해도 하얀화면만 나오네.. 폴드7입니다. 기기재시동도 해보고 백그라운드에서 제거도 하고 재설치까지 진행했지만 안되네요. OS 업그레이드는 오늘 오전에 진행해서 최신버전입니다.",업데이트 불만
2026-07-15 05:15:04,개인,Android,2026-06-25 01:08:03,1,"고민성","심각한 타행 1원 입금 인증 오류. 기업은행 계좌인증이 안되요.",앱 실행/오류
2026-07-15 05:15:04,개인,Android,2026-06-25 00:46:16,1,"Kyeongsu Kim","나라사랑통장은 왜 한도 못올리는데? 국민은 되는데. 쓰레기같은 은행.",기타
2026-07-15 05:15:04,개인,Android,2026-06-25 00:28:13,1,"n non","무한로딩 지겹다.",속도/성능
2026-07-15 05:15:04,개인,Android,2026-06-24 12:45:22,1,"대왕모기","느림 오죽하면 추가로 리뷰남김 답변처럼 재설치. 재부팅도 소용없고 다른 앱은 모두 정상작동 되는데 정말 최악임 근본적인 문저해결은 안하고 소비자에게 재설치.재부팅 하라고만 하다니.. 문제가 많음 아..진짜 겁나 짜증..재설치 했더니 이체한도 줄어서 은행가야함.. 최악이다 별1개도 아깝다",이체/거래
2026-07-15 05:15:04,개인,Android,2026-06-24 06:46:21,1,"임상민","너무느리고안좋아요",기타
2026-07-15 05:15:04,개인,Android,2026-06-24 05:40:10,1,"김지훈","모바일 앱 퇴직연금 조회도 안되고 접속도 안되고 어쩌라는건지. 퇴직연금 주식 바꾸지도 못하고 손실만 보는데. 어이가 없다. 별 하나도 아깝네.",기타
2026-07-15 05:15:04,개인,Android,2026-06-24 01:24:22,1,"Anna Choi Choi","왜 로그인이 안됩니까? 은행 앱 중에서 가장 버벅거리는 앱인것 같네요 퇴직연금 로그인 하려면 너무 오래걸려서 운용을 제대로 할수가없네요 개선이 필요합니다",로그인
2026-07-15 05:15:04,개인,Android,2026-06-23 19:09:40,1,"H KIN","고객확인의무 때문에 오랫만에 들어가 주소변경 하려니 우리집 주소만 리스트에 안뜸. 지번주소로 검색하면 결과 없다고 뜸. 어떤 앱이건 웹사이트건 이런적은 처음. 아무리 해봐도 안됨. 지번주소로 적당히 입력하고 상세주소 입력하고 저장하면 안된다고 에러코드 뜸. 결국 도로명 주소 가장 근접한거 골라 상세주소 입력했다. 앱 안쓸란다. v3는 또 꼬박꼬박 실행시키네. 2026년인데.",앱 실행/오류
2026-07-15 05:15:04,개인,Android,2026-06-22 23:46:57,1,"유예슬","왜 업데이트후 앱이 안열려요 어제부터 계속 흰색어기업은행 화면만나오자나요 앱관리안해요??",업데이트 불만
2026-07-15 05:15:04,개인,Android,2026-06-22 15:42:52,1,"Lee","이악물고 앱 인증 안시켜주는 회사 위치 등록방식에 화가나서 휴대폰을 한번 던질뻔 했어요. 많이, 개선이 필요하네요^^",기타
2026-07-15 05:15:04,개인,Android,2026-06-22 07:37:23,1,"Y Lim","청약 신청과정 중 앱 오작동이 심각하네요. 개발진들 전부 다 월급루팡에 단체 낙하산들입니까? 상식적인 ui 버튼 위치도 이상한곳에 놓아두고 한참 찾았는데, 앱 설계자 고졸인 느낌이 나네요.",기타
2026-07-15 05:15:04,개인,Android,2026-06-22 03:38:16,1,"김지윤","주식 투자 같은 알림은 왜 끄는 기능이 없나요? 전체 알림 끄는 기능만 있고 입출금 알림 받을거면 투자 알림도 받으라는 건가요?",이체/거래
2026-07-15 05:15:04,개인,Android,2026-06-21 22:41:41,1,"조상식","너무 느려졌어요 화면이 넘어가질 않네요 .최악입니다 모래시계? 는아니지만 중앙에 점4개가 깜박이기만하고 화면이 넘어가질않아요 지웟다 다시 깔고 캐시도 삭제 해보고 다해봣지만 여전히 ..느린정도가 아니라 화면이 안넘어가는군요 .. 순간 요구 데이터 양이 엄청 늘었나봐요 .. 주은행 바꿔야 하나...",속도/성능
2026-07-15 05:15:04,개인,Android,2026-06-21 13:46:56,2,"Tuna Yun","앱 구성 파악이 싑지 않고 원하는 서비스 찾기가 힘들며 타사 앱 대비 구동 속도가 많이 느립니다 정말 개선이 필요 합니다.",속도/성능
2026-07-15 05:15:04,개인,Android,2026-06-19 11:27:05,1,"WS J","앱열려면 무조건 회원가입에 신분증인증 본인인증 다해야되는 어플이있네 미친 ㅋㅋ 이러니 토스가흥하지",신분증인식
2026-07-15 05:15:04,개인,Android,2026-06-19 11:21:33,1,"조수빈","주소 입력 하는 구간에서 계속 막힘. 뭘해도 입력이 안 되고 검색 결과가 없다 그러는데 이건 뭘 어떻게 하라는 건지 모르겠음.",기타
2026-07-15 05:15:04,개인,Android,2026-06-19 02:06:24,1,"sshin0922","뭔놈의 앱이 한번에 넘어가는 경우가 거의 없네 초기화면에서 로그인 할때부터 툭하면 무한로딩에, 다음화면으로 넘어가가더라도 또 무한로딩...대체 몇번을 닫았다가 다시 실행을 해야하는건지.. 쓸데마다 짜증남. 은행앱이 이렇게 오류가 많은건 처음봄",로그인
2026-07-15 05:15:04,개인,Android,2026-06-18 01:38:05,1,"하민혁","뭐 이런 앱이 다 있냐. 증권계좌에 돈을 넣었는데 이걸 예수금으로 잡고 있네. ibk에 문의를 했는데 증권 문제는 본인들이 도움을 줄 수 있는 게 없대. 그래서 증권 챗봇을 이용해서 상담사랑 연결하려고 했더니 지 혼자 딴소리 하고있네? 토스 증권이 선녀였다는 걸 느끼고 간다 진짜.",이체/거래
2026-07-15 05:15:04,개인,Android,2026-06-17 12:25:12,1,"Woo Kim","비밀번호 왜 0 두개 못 붙이게 해요 진짜 문제만 해결 되면 다시는 안쓸래요",로그인
2026-07-15 05:15:04,개인,Android,2026-06-17 05:39:16,1,"김학정","앱이 어느순간부터 너무 느려져서 못쓰겠어요!",속도/성능
2026-07-15 05:15:04,개인,Android,2026-06-17 01:42:29,1,"J.H Jeon","재설치 해도 접속이 안됨 아 정말 개 짜증나네 진짜 내부 테스트 좀 잘좀 하고 업데이트 해라 가입도 단계 넘어갈때 마다 하루종일 걸리고 로그인도 하루 종일 걸리고 많은 사람들이 에러가 난다는데 패치 계획은 없고 아오 정말...",로그인
2026-07-15 05:15:04,개인,Android,2026-06-16 11:45:47,1,"브운터","진자 거지같이 잘 만드셨네요 리뷰달러 오게만드는게 수준급입니다",기타
2026-07-15 05:15:04,개인,Android,2026-06-16 10:49:44,1,"정재웅","기가막히고 코가막히네 5번째 신분증인증했는데 또 다시 시작하기가 뜨네요 지우고 재설치까지 했는데 0점에 가까운앱이네요",신분증인식
2026-07-15 05:15:04,개인,Android,2026-06-16 07:21:16,1,"D Choi","신분증촬영 개같이 만들어놔서 10번넘게 시도해도 촬영이 안됨 욕나옴..ㅡㅡ 빛반사안됐는데 계속빛반사빛반사.. 어둡게하면 밝은데서 하라하고 밝은데서 하면 빛반사도없는데 빛반사됐다하고..ㅡㅡ",신분증인식
2026-07-15 05:15:04,개인,Android,2026-06-16 00:02:22,1,"장주환","로그인도 안되고 하",로그인
2026-07-15 05:15:04,개인,Android,2026-06-15 15:12:45,1,"dw lee","별로",기타
2026-07-15 05:15:04,개인,Android,2026-06-15 11:33:56,1,"B","아니 무슨 신분증 촬영하려 하면 계속 어플이 꺼지는데 지웠다 재설치해도 똑같이 꺼져서 사용을 못하고 있습니다. 진짜 최악이네요",앱 실행/오류
2026-07-15 05:15:04,개인,Android,2026-06-15 03:47:14,1,"Sangwoo Shin","디지털 otp를 사용 시도 시 kt 투넘버 서비스 이용 시 인증이 안 된다고 합니다. 앱에서 어떠한 안내도 없고 전화상담, 창구에서도 해결력이 너무 떨어지고 앱 사용성도 경쟁사대비 사용성이 너무 떨어지네요. 인터넷은행 만큼의 사용성이 없다면 굳이 이용하고 싶지는 않습니다.",디자인/사용성
2026-07-15 05:15:04,개인,Android,2026-06-15 03:21:18,1,"박우성","어플이 빠르지 않아요 ㅡㅡ",기타
2026-07-15 05:15:04,개인,Android,2026-06-15 00:32:19,2,"KyungHwan Park","앱 화면 로딩이 왜이렇게 느린거에요? 다른 은행이랑 다르게 너무 느려요.",속도/성능
2026-07-15 05:15:04,개인,Android,2026-06-14 09:58:51,1,"이태욱","타 은행에 비해 너무 느리고 인증 과정에서 오류도 많다.",앱 실행/오류
2026-07-15 05:15:04,개인,Android,2026-06-14 08:47:36,1,"엉망진창","애기가잘못건드려서지문 5회 틀렷다고 다른로그인이용하라면서 나온후 아예먹통이되버리네요",로그인
2026-07-15 05:15:04,개인,Android,2026-06-13 10:35:12,1,"jy L","아니 갑자기 강제종료되고 안열리는데 뭐임??? 앱이따구로만들거?",앱 실행/오류
2026-07-15 05:15:04,개인,Android,2026-06-13 06:04:18,1,"Heungin Yoon","송금내역을 표싯날 수 있게 해주세요",이체/거래
2026-07-15 05:15:04,개인,Android,2026-06-12 15:32:20,1,"조운","아니...신분증 사진이 20년전건데....얼굴인증을 어떻게 하라는겨;;다 늙어서 얼굴 팍 상했는데ㅡㅡ;",신분증인식
2026-07-15 05:15:04,개인,Android,2026-06-12 12:48:16,1,"덕수엉덩이","첫 경험 진짜 별로",기타
2026-07-15 05:15:04,개인,Android,2026-06-12 12:14:52,1,"이서빈","앱이 열리질 않으면 어쩌라는건가...진짜 미쳐버리겠네...이것 때문에 손해보면 피해보상이라도 해주나...? 별 하나도 아깝네",기타
2026-07-15 05:15:04,개인,Android,2026-06-12 08:07:27,1,"박창성","다른 은행 앱은 처리속도가 빠른편에 비해 기업은행 앱은 다른앱에 비해 버벅거려서 답답합니다ㆍ제 폰만 그러는건지 ㆍㆍ",속도/성능
2026-07-15 05:15:04,개인,Android,2026-06-11 08:41:32,1,"임민수","송금 하려는데 보이스피싱 의심된다고 송금이 안됩니다 체크항목에 다 아니요 체크해도 안되고 계속 똑같은 화면만 나와요",이체/거래
2026-07-15 05:15:04,개인,Android,2026-06-10 13:05:07,1,"서영준","입출금 알림이 지 멋대로네요? 올 때도 있고 안 올 때도 있는데 안 올 때가 훨신 많습니다. 계좌 옮긴지 얼마 안됐는데 이것 때문에 다른 은행으로 갈아타고 싶을 정도예요 6/10 수정합니다 어제까지만 해도 잘 오던 알림이 또 안오기 시작했네요 답변주신 내용으로 해도 소용이 없어요 이미 잘 되어있거든요 저 말고 다른 이용자들도 안되는 것 같은데 고칠 생각이 없나보네요 조만간 갈아탑니다",이체/거래
2026-07-15 05:15:04,개인,Android,2026-06-10 03:29:24,1,"KyungHee Lee","국민은행에 비해 쉽게 되어있지않네요 예를들어 적금계좌를 더 자세히 보려고할때 어느걸 눌러도 정보를 볼수가없네요 많이 답답하네요 좀더 편하게 업그레이드가 되었으면 좋겠습니다",이체/거래
2026-07-15 05:15:04,개인,Android,2026-06-10 00:57:03,1,"jinah chun","오류가너무심해요 지우고 다시깔아도 똑같네요",앱 실행/오류
2026-07-15 05:15:04,개인,Android,2026-06-09 15:54:05,1,"ᄋᄋᄋ","신분증 인식을 왜 이렇게 못함? 다른 은행사 앱은 한두번 하면 통과인데 이건 10번을 넘게 해도 안되네. 얼마나 대충 만든거임.",신분증인식
2026-07-15 05:15:04,개인,Android,2026-06-09 05:21:58,1,"팩술긔","왜 자꾸 안들어가지나요?",기타
2026-07-15 05:15:04,개인,Android,2026-06-08 12:23:04,1,"안솔이","짜증날정도로 느려요 ㅡㅡ 이체한번 할때 계속 로딩걸려서 짱남",이체/거래
2026-07-15 05:15:04,개인,Android,2026-06-08 04:58:23,2,"Nhong","아이폰 (IOS 26.5 버전) 본인 인증할 때 신분증 촬영시 검은색화면만 나오면서 무한로딩되어 촬영을 할 수가 없습니다. 로그인 및 계좌개설 등 현재 어려움을 겪고 있습니다. 캐쉬삭제 및 재설치해도 소용이 없어요. 수정부탁드립니다.",로그인
2026-07-15 05:15:04,개인,Android,2026-06-07 05:22:25,1,"윤성욱","2026년6월7일 오후에 아무예고없이 은행어플점검되서 아무것도못하는데 이런거 미리안알려주는 은행어플처음봄",기타
2026-07-15 05:15:04,개인,Android,2026-06-07 04:32:30,2,"Ryan Koo","1. 너무 많은 정보와 불필요한 디자인 요소로 데이터 잡아먹지 말고 저용량 트래픽 환경에서도 기본적인 거래에 어려움이 없도록 만들어주세요. 환경이 안좋을 때는 버벅임과 오류가 심해 주거래가 기업은행인데도 불편함 감수하고 케이뱅크로 해결했네요.. 2. 쿠팡이츠 연동 결재가 가끔 안되는데 오후 한시 반인데도.. 은행 점검서비스 시간이라고 거래가 안되네요. 어플 문제인가 싶어서 다른 은행 계좌로 했는데 진행에 어려움이 없었어요. 오후 1시 반에 점검으로 거래를 막지는 않았을테고 오류로 보여지는데 해결해주세요.",앱 실행/오류
2026-07-15 05:15:04,기업,Android,2026-07-12 02:34:46,2,"홍하M","다른건 그렇다 치는데 언젠가부터 카드 선결제가 자꾸 오류나요. 카드 자체나 사업자가 뜨지도 않고 한도 꽉찼는데 답답하네요. 매번 카드결제때문에 너무 짜증이납니다.",앱 실행/오류
2026-07-15 05:15:04,기업,Android,2026-07-06 23:46:41,1,"신규용","갑자기 로딩이랑 뭐하나할때마다 너무오래걸림",속도/성능
2026-07-15 05:15:04,기업,Android,2026-06-25 01:49:10,2,"김종현","이체 연락처 쓰는거 불편함",이체/거래
2026-07-15 05:15:04,기업,Android,2026-06-18 03:27:10,1,"손하늘","시스템 개 더럽게 돌아가네 주위에 은행이 기업뿐이라 아쉬운대로 쓰지만 조만간 은행 바꾼다 독보적으로 뭔가 하고싶은건 알겠는데 이따구로 굴면 회원 다 빠져나가지",기타
2026-07-15 05:15:04,기업,Android,2026-06-17 09:12:48,1,"숯","어제설치했는데 당장오늘부터 로긴화면 하얀색에서 안넘어갑니다 재부팅 재설치해도",디자인/사용성
2026-07-15 05:15:04,기업,Android,2026-06-15 05:19:51,1,"Sangwoo Shin","kt 두넘버 사용 중인데, 다른 은행에서나 정부기관에서나 단 한번도 문제가 없는데, 기업은행만 디지털 otp 발급 및 이용 과정에서 투넘버 사용 중에는 디지털 otp 사용이 불가 하다고 하네요. 이 이유를 찾는데만 전화상담 1시간, 현장 방문 2시간이 걸렸네요. 앱 내에 안내도 하나도 없고 사용성이 매~~~우 떨어지는 앱이라 타행 절차 벤치마킹 해보시면 좋겠습니다.",디자인/사용성
2026-07-15 05:15:04,기업,Android,2026-05-12 02:25:27,1,"Jae-Joon Jung","중국에서 사용중입니다. vpn을 켜야 접속될경우 있고 그냥 될때도 있었습니다. 저번주부터 로그인 누르면 메인화면으로 튕긴후 앱이 꺼져버리는 증상 발생. 어제도 그래서 폰 재부팅후 사용가능. 오늘은 뭘해도 사용불가. 앱 실행후 가만히 두면 2~3초 내로 앱이 혼자 꺼짐. 그전에 로그인 누르면 로그인화면 잠깐나오고 메인화면으로 튕긴 후 앱 꺼짐. 금융업무가 불가하네요. 고객센터에 문의해도 방법이 없고요. 저 어떻게하죠?",로그인
2026-07-15 05:15:04,기업,Android,2026-04-20 03:18:38,1,"양인철","금융인증서 로그인이 안 돼요.. 눌러도 아무런 반응이 없어요.",로그인
2026-07-15 05:15:04,기업,Android,2026-04-10 00:43:43,1,"이상원","불편 끝판왕",기타
2026-07-15 05:15:04,기업,Android,2026-04-07 00:24:16,1,"Alex Kim","로그인에 부하걸리고 므ㅝㄴ가개악이 되버린 최악의 결과. 송금하려면 인내가 필요해짐.",로그인
2026-07-15 05:15:04,기업,Android,2026-04-03 02:22:15,1,"Yuantai J","며칠 전부터 앱 페이지 열리는 속도가 너무 느려져서 사용하기가 어려울 정도입니다. 첫 페이지 여는것 뿐 아니라 메뉴 클릭할때마다 버퍼링이 1분이상 생기네요 저만 그런걸까요?",속도/성능
2026-07-15 05:15:04,기업,Android,2026-03-17 20:02:38,1,"김동주","기업대출연장 비대면 서비스를 할수가 없네요 은행에서는 쉽다더니~ 하다가 자폐 걸리겠네요.",기타
2026-07-15 05:15:04,기업,Android,2026-02-24 10:26:36,1,"송세현","아니 금융인증서 로그인이 왜 안됨?; 금융인증서 로그인 진행해서 인증번호받고 금융인증서떠서 비번까지치고나면 다시 사업자용 금융인증서 [로그인]을 눌러주세요 이 로그인화면으로 돌아가더니 같은화면 두개가뜸 ㅋㅋㅋㅋㅋ 빨리 앱개발자 운영자불러서 확인하고 수정해요",로그인
2026-07-15 05:15:04,기업,Android,2026-02-04 02:31:02,1,"임동수","너무 불편해서 힘들어요",기타
2026-07-15 05:15:04,기업,Android,2026-01-23 06:26:42,1,"kyung-a do","새로지우고깔앗는데 로그인이안되는건므슨일 일까요?",로그인
2026-07-15 05:15:04,기업,Android,2026-01-08 07:33:44,1,"곰안에여우!!!","사용이 너무 불편해",기타
2026-07-15 05:15:04,기업,Android,2026-01-07 02:43:56,1,"kobi Seo","진심 개복잡하고,설명도 제대로 없고 내 나이 35인데도 개빡세다. 진심 반성해라 어른들은 이거 절대 못쓰신다. 진짜 소비자 생각을 하기는 하는거냐?.....",디자인/사용성
2026-07-15 05:15:04,기업,Android,2026-01-05 07:21:06,1,"딱한마리만","어려움",기타
2026-07-15 05:15:04,기업,Android,2025-12-31 07:13:50,1,"In-Kyou Choi","계좌이체 하나로 가능한거 알겠는데 베너 7일간 보이지않기 누르면 좀 7일간은 안뜨게해야하는거 아닙니까? 이렇게 눈에 확 띄는 버그 하나도 테스트 안해요? 급여는 왜 받는겁니까?",앱 실행/오류
2026-07-15 05:15:04,기업,Android,2025-12-31 04:07:55,1,"Night Good","공지가 뜨면 몇일후 재안내라고 선택하고 다른메뉴나 재로그인시 1일도 안지났는대 또공지가뜸 공지안본다고 누른건 어디로간건가요?",로그인
2026-07-15 05:15:04,기업,Android,2025-12-22 16:27:39,1,"박으뜸","얘도 왜 업뎃하고 접속이 안되나요? 기업은행 어플 다 왜이래요?",기타
2026-07-15 05:15:04,기업,Android,2025-12-02 21:55:20,1,"스파이크","증명서발급 어려움",기타
2026-07-15 05:15:04,기업,Android,2025-12-01 04:25:53,1,"Buriva Groosome","원래 이렇게 불편한게 정상인가요? 카드 일부선결제도 안되고 뭐 업무만 좀 보려고 하면 로딩만 기본 10분... 진짜 간단한 카드 결제업무 보는데 다른 은행사 어플같은 경우 1분도 안걸리는데 왜 IBK 어플만 이리 느리고 불편한가요? 사실상 이용이 불가능한 정도; 아니 근데 진짜 선결제 예약이란건 어떤 놈 머리에서 튀어나온건가요? 진짜 석사 박사들 앉혀놓고 어떻게하면 불편할지 연구해서 어플 개발 했나요? 진짜 치매걸린 사람이 은행 업무 처리해주는 느낌이네요. 은행 어플계의 특수반 전형 I-ONE, 정말 다른 여러 중의적인 의미로 참신하고 색다른 경험이었습니다. 다신 느끼고 싶지는 않지만 선택권이 없어 어쩔 수 없이 이 다운 증후군 걸린 스티븐 호킹 같이 스마트한 은행어플을 써야하네요. 이 어플이 개선되는 것과, 아니면 이 어플로 이번 달 선결제 가상계좌 발급 받는 것. 둘 중 어느게 더 빠르게 진행될지 전 잘 모르겠습니다, 정확한건 둘 다 최소 분기 프로젝트란 거겠죠.",이체/거래
2026-07-15 05:15:04,기업,Android,2025-11-27 02:24:56,1,"jining kim","진짜로그인안되는거개빡치네",로그인
2026-07-15 05:15:04,기업,Android,2025-11-26 07:02:34,1,"유용성","사용하기 무척불편함",기타
2026-07-15 05:15:04,기업,Android,2025-11-26 00:30:08,1,"Hapernatural","팝업이 너무 많아요",기타
2026-07-15 05:15:04,기업,Android,2025-11-14 00:39:01,1,"박정화","역대 은행 사이트중에 제일 그지 같음 당장 해지하러감",기타
2026-07-15 05:15:04,기업,Android,2025-11-12 12:37:29,1,"KIM SUMI","왜 위변조앱이라떠요? 기업용인데 어쩌라고?",기타
2026-07-15 05:15:04,기업,Android,2025-11-11 08:07:21,2,"김동주","알수없는 이유로 접속이 되지않아 재설치 하고 한달도 안됐는데, 오늘은 또 '위변조된 앱'이라면서 로그인 불가. 삭제후 재설치 했는데 또 반복!! 거래처에 입금할때마다 삭제후 재설치를 반복해야 되는 어플이면 쓸 이유가 없습니다. 원인을 찾아 개선해 주세요.",로그인
2026-07-15 05:15:04,기업,Android,2025-11-10 09:42:41,1,"남기덕","알림이 오다 안오다함.",기타
2026-07-15 05:15:04,기업,Android,2025-11-10 00:05:13,1,"Hyejin Kim","요즘 계속 공동인증서로 로그인 하려 할 때마다 이 앱은 위변조된 앱이라고 로그인이 안됩니다. 조치해 주세요",로그인
2026-07-15 05:15:04,기업,Android,2025-11-07 10:55:32,1,"강래이","인증 하루종일하네 뻐꾹이처럼 대답만하지말고 반영좀 하세요",기타
2026-07-15 05:15:04,기업,Android,2025-10-31 02:27:10,1,"Flat earth","원래대로 돌려놓으세요. 불편하다",기타
2026-07-15 05:15:04,기업,Android,2025-10-27 04:17:07,1,"선경지명수배","은행 공동인증 안내서도 제대로 된거 안줘서 재방문 했는데 담당 은행원이 번거롭고 귀찮아 하고 불친절하고 수원 천×× 기업은행 지점은 안갈려 합니다 공동 인증서 내보내기 공동인증서 비밀번호 제대로 맞게 눌러도 앱무결성 검사로 앱재시작으로 사업자 은행 잘못 선택 했네요 수전증있고 카메라 화질 안좋은 폰쓰는 시업은행 사업자 이용 고객은 신분증 인증도 어렵고 참난감하네요 불편해요.",로그인
2026-07-15 05:15:04,기업,Android,2025-10-23 10:38:49,1,"DongHyun Seo","개븅유신같은앱 로그인 하라고 로그인 누르면 눌리지도 않고 봅같이 열받게하는 앱 개발자들 보면 좀 일 좀 해라 갯 샡기들아",로그인
2026-07-15 05:15:04,기업,Android,2025-10-02 05:03:55,1,"최기현","무한로딩 개짜증나네",속도/성능
2026-07-15 05:15:04,기업,Android,2025-09-30 09:04:45,1,"william Jung","타 금융기관 대비 사용하기 너무 불편함",기타
2026-07-15 05:15:04,기업,Android,2025-09-20 00:17:15,1,"배성희","앱실행오류가 뜹니다 아예 열리지않고 계속중단됨 메시지만 떠요.하루에도 수십번 이체 결제하는데 조치방법 알려주세요 앱 새로 깔아봐도 그럽니다",앱 실행/오류
2026-07-15 05:15:04,기업,Android,2025-09-15 05:56:02,1,"임종직","동작시오류가 많음",앱 실행/오류
2026-07-15 05:15:04,기업,Android,2025-08-25 01:52:53,1,"PC위키","금융인증서 로그인이 안됨 ..자동로그인됨자꾸",로그인
2026-07-15 05:15:04,기업,Android,2025-08-14 15:03:55,1,"선경지명수배","은행 창구에서 사업자 신규 계좌 개설 했는데 디지털 OTP 창구에서 당일 등록 처리 안해주고 고객이 집접 등록 해야 하는건 이해 하는데 문제는 디지털 OTP 등록해 보니 광고 ID로 등록 실패, 해당 지점 사업자 계좌 신규 개설 전에는 통화잘 받았는데 3일째 점심시간 피해서 전화 해도 수신음만 가고 로그인 유지 설정도 없고 보안카드 발급 안내도 없고 금융인증서 재발급을 위해 실물 신분증 빛반사 없이 찍었는데 수전증이 있어서 손떨림으로 신분증 수기 기재도 없고 장난치는 것도 아니고 타 금융 기관보다 사업자 고객의 사용 편의를 위한 기본적인 기능도 없는게 혜택 많이 줘도 그냥 타 은행 갈야할듯 후회함",로그인
2026-07-15 05:15:04,기업,Android,2025-08-06 06:38:27,1,"야생마","기업용에서 타행계좌잔액조회, 비씨카드조회, 국세청 연결 할때 이전인증서가 만료되서 갱신하려고 하는데 매일 아침마다 갱신하라고 푸쉬알림은 오는데 막상 갱신하려고 해당 메뉴들어가서 인증서 선택하고 다음스탭으로 넘어가면 아무동작도 없이 멈춰있네요. ㅠㅠ",인증/보안
2026-07-15 05:15:04,기업,Android,2025-07-30 10:12:47,1,"이경란","새 기기에서 바로 처리되니 편리해요^^",기타
2026-07-15 05:15:04,기업,Android,2025-07-30 05:07:57,1,"이경숙","발급 단계가 너무 복잡해요 어지럽네요 ㅜㅜ 사업자 통장도 발급해야되고 간소화 부탁드려요",디자인/사용성
2026-07-15 05:15:04,기업,Android,2025-07-24 14:02:53,2,"정우진","글자가 넘작어서 정확히 확인할수가 없어요",기타
2026-07-15 05:15:04,기업,Android,2025-07-20 12:30:12,1,"GAEUN KIM","느리고 이체 자체가 너무 복잡합니다 기업은행 개인뱅킹 수준으로 만들어야합니다",이체/거래
2026-07-15 05:15:04,기업,Android,2025-07-17 07:31:48,1,"유진태","금융인증서 로그인 안눌러지고 은행 방문 해도 같은 증상으로 해결할 수 없습니다.",로그인
2026-07-15 05:15:04,기업,Android,2025-07-15 05:33:02,1,"Simon Yang","금융인증서로 로그인 하려고 하는데 로그인 버튼 자체가 눌리지 않음. 금융인증서 로그인은 안되면서, 로그인 화면에 들어갈때마다 공인인증서 로그인 알림창이 뜨는데 수수료 장사해먹으려고 일부러 이렇게 만든것처럼 느껴져서 기분이 굉장히 나쁨. 이전부터 불편한 인터페이스 때문에 메인 거래 은행으로 이용하지 않았긴 하지만, 이제는 기업은행은 빠이빠이임.",로그인
2026-07-15 05:15:04,기업,Android,2025-07-10 05:41:20,1,"밥이좋아vavizoa","진짜 불편함",기타
2026-07-15 05:15:04,기업,Android,2025-07-02 04:48:58,1,"전영현","이용이 어렵고 실행이 잘안됨",기타
2026-07-15 05:15:04,기업,Android,2025-06-30 11:01:50,1,"윤영효","계좌이체시 금액 붙여넣기가 안되는건가요",이체/거래
2026-07-15 05:15:04,기업,Android,2025-06-30 01:55:32,2,"Oliver S","앱에 들어가려고하니 , 계속 인터넷 접속이 안된다고뜨는데요. 와이파이 , 인터넷 모두 정상이고 , 제거후 다시 설치 해도 소용이없습니다. 다른 은행앱등등은 모두 접근이 잘 되는데 i one bank 기업용만 접근이 안되는데요. 확인부탁드립니다.",기타
2026-07-15 05:15:04,기업,Android,2025-06-28 07:01:49,1,"Jihyung Chang","개인앱 대비 고객이 사용하기 불편해요.",디자인/사용성
2026-07-15 05:15:04,기업,Android,2025-06-27 05:08:28,1,"Youngwoo Kwak","서버느림ㅠㅠ",속도/성능
2026-07-15 05:15:04,기업,Android,2025-06-16 23:56:03,1,"KS","1일간 보이지 않기 7일간 보이지 않기 아무리 체크해도 화면 넘어갈때마다 보임. 내이체함이 처음 이체할땐 보이는데 추가 이체하면 내이체함 왜 안보임? 도데체 앱을 관리는 합니까? 내역 볼때 추가로 더보면 화면 처음으로 올라가는데, 저기 누가 벌써 써놨던데 아직도 안고침. 앱은 괜찮은지 몰라도 관리는 엉망입니다",이체/거래
2026-07-15 05:15:04,기업,Android,2025-06-05 07:46:49,1,"죄많은천사","불편해요ㅠㅠ",기타
2026-07-15 05:15:04,기업,Android,2025-06-04 23:18:13,1,"임은경","금융인증서로 로그인하려는데 터치가 안먹혀요ㅠ",로그인
2026-07-15 05:15:04,기업,Android,2025-06-04 02:29:21,1,"김지영","사업자용 '금융인증서'로 로그인 하려고 페이지에 들어가면 로그인 버튼 눌러도 반응없음. 그 아래 인증센터바로가기 버튼도 반응없음. 다른로그인 방법 선택 하기도 반응없음.",로그인
2026-07-15 05:15:04,기업,Android,2025-06-02 23:30:26,1,"Google 사용자","어렵게 왜 자꾸 바꾸는 거예요 쉽게 만들수 없어요",기타
2026-07-15 05:15:04,기업,Android,2025-05-29 05:25:39,1,"한규이","너무 불편합니다",기타
2026-07-15 05:15:04,기업,Android,2025-05-28 09:23:03,1,"유성규","10번 중에 9번은 느려서 그때그때 중요한 순간마다 송금이 안됩니다. 왜 자꾸 이러는건가요",이체/거래
2026-07-15 05:15:04,기업,Android,2025-05-24 02:18:50,1,"김규민","설치가 안돼!!!!!! 강제로 바꾸게 해놓고서는!!!!! 뭐하는 짓거리야?????!!!",기타
2026-07-15 05:15:04,기업,Android,2025-05-21 23:58:23,1,"고영현","어렵다",기타
2026-07-15 05:15:04,기업,Android,2025-05-21 02:40:21,1,"Jin Young Kim","이체 창도 안 뜨고 앱이 엉망입니다. 보기 좋게 한다고 좋아지는 게 아닌데 아쉽습니다.",이체/거래
2026-07-15 05:15:04,기업,Android,2025-05-21 01:27:21,1,"김미영","왕짜증입니다.바쁜데...",기타
2026-07-15 05:15:04,기업,Android,2025-05-16 06:55:16,1,"W","로그인 문제 안고치실껀가요? 왜 로딩 화면에서 넘어가질 않나요 앱이 업데이트되고 나서부터 너무 불편해졌습니다",로그인
2026-07-15 05:15:04,기업,Android,2025-05-15 05:18:27,1,"오구리","전에 쓰던 어플에 공인인증서나 금융인증서 또 연결해야되는데 가만히 있는 어플은 왜 또 설치하라고해서 사람 짜증나게하는지 모르겠네 드러워서 대출을 갚던가해야지",인증/보안
2026-07-15 05:15:04,기업,Android,2025-05-15 00:55:41,1,"T쥐","공동인증서 금융인증서 들어가기도 힘들고 등록안되어있다고나오고 한도계좌해제신청하려하는데 국세청과 호환도안되고 등록되어있는데 등록되지않는 인증서입니다 이러는데 개발팀 뭘개선해서 새로 만든건지 이해도안가고 문의했더니 일시적 오류? 전 어플이 훨씬좋은거같고 뭐하러 새로만든지 이해가안가네요",앱 실행/오류
2026-07-15 05:15:04,기업,Android,2025-05-06 21:49:31,1,"정아","업데이트 이후로 카드사용알림이 같은걸로 9번씩와요. 전에는잘됐었는데. 법인회사에. 여러명이 카드를쓸때 휴대전화가. 불나요ㅜㅜ 알림을 차단해야할수도. 없고. 해결방법이 없을까요",업데이트 불만
2026-07-15 05:15:04,기업,Android,2025-05-06 11:06:52,1,"이상화","카드사용하면 5월6일 부터 알림이 8번~10번씩 울립니다. 개빡치게 만드는데 이거 해결방법 없나요 ?",기타
2026-07-15 05:15:04,기업,Android,2025-05-05 16:27:10,1,"하늘제시","아 진짜 업데이트 개빡치네 결제 할 때마다 알림을 9개씩 보내고 어플 오류 접수할 고객센터는 없고 장난하냐 뭐하자는건데",앱 실행/오류
2026-07-15 05:15:04,기업,Android,2025-05-03 02:55:25,1,"HEEAE KIM","며칠째 인터넷에 연결되어있지 않다면서 실행이 안됩니다. 왜이러는겁니까",앱 실행/오류
2026-07-15 05:15:04,기업,Android,2025-04-30 13:56:10,2,"홍정표","전에 사용하던 앱보다 더 불편합니다.",기타
2026-07-15 05:15:04,기업,Android,2025-04-30 06:48:45,1,"뇌피셜","아니 지금 시대가 어느땐데 로딩이 왤케 기노. 로그인이 안된다. 전에 어플보다 더 안좋아 졌는데 이걸 쓰라고 만들어 놓은거가",로그인
2026-07-15 05:15:04,기업,Android,2025-04-24 00:09:04,1,"노현준","하루가 다른게 빠르게 진화되는 세상.. 그렇게 빨리 돌아가는 세상을 반대로 느리게 가는 오직 하나 '기업은행' 로그인만 5분이상 대기... 답답한 기업은행",로그인
2026-07-15 05:15:04,기업,Android,2025-04-21 13:55:06,1,"이정용","신용카드 등록 하고 거래 내용보기 힘들어요 전화해도 못알아듣겠어요",이체/거래
2026-07-15 05:15:04,기업,Android,2025-04-15 01:27:59,1,"김정갑","로그인하면 자꾸 개인용로그인으로 자동으로 들어가게 됩니다. 저는 기업용로그인을 하고 싶은데 너무 불편합니다. 방법을 알려주세요",로그인
2026-07-15 05:15:04,기업,Android,2025-04-10 03:56:54,2,"JJIN t","사업자번호 2개 보유한 사람은 금융인증서 로그인시 매번 연결끊기하고 문자로 인증번호 보내고 사업자번호 새로 입력하고 로그인해야하는게 너뮤 번거로워요 ㅠ 로그인해서도 제 명의 통장계좌가 다 보였으면 좋겠는데 매번 로그인새로하고 확인해야하는게 비효율적입니다. 상담해주시는 분도 번거롭다고 말할정도네요 ㅠ 꼭꼭꼭 수정부탁드려요 기업 사용하기편해서 사업자통장 하나 더 개설했는데 ...이럴줄이야..",로그인
2026-07-15 05:15:04,기업,Android,2025-04-08 09:55:46,1,"서퍼송군","이전 앱보다 불편하고 복잡함. 많이하고 필요한 간편송금이나 이런부분은 보이지도않고 없애버린듯 어플이 더 퇴보하고 쓰기싫게만듬.",이체/거래
2026-07-15 05:15:04,기업,Android,2025-04-08 04:55:25,1,"우사무엘 (우티기)","몇일째앱이 안들어가집니다",기타
2026-07-15 05:15:04,기업,Android,2025-04-07 10:29:58,1,"mammaiama go","기업용 쓰려는데 개인어플 가입먼저하라그러고, 개인어플엔 기업계좌 이미 출금등록 되있다고 가입안시켜주고 ㅋ 어쩌란거ㅋ",이체/거래
2026-07-15 05:15:04,기업,Android,2025-04-06 14:38:52,1,"오야지","뭐 이렇게 거지같이 만들어놓음? 생각은 하고 앱개발한거 맞음? 개발자들은 분명 하 이건 아닌데 했을텐데? IT기획팀 아이디어임? 사용자 편리성을 위해 분발해야지 분뇨를 싸지르면 어쩌잔거임 ㅡㅡ 간편송금없어서 계좌이체하는데 비밀번호 3번 입력도 불편하고 공인인증서 비밀번호 자판은 오히려 퇴화했고 아주 난장판이구만",로그인
2026-07-15 05:15:04,기업,Android,2025-04-05 09:02:09,1,"Hermes","이체내역 검색 후에 더보기를 누르면 입력된 검색어가 더 나오는게 아니라 모든 내역을 다시 보여주고 이게 계속 반복됩니다. 어플좀 똑바로 만들어요",이체/거래
2026-07-15 05:15:04,기업,Android,2025-04-02 00:36:18,1,"문경남","초기 접속시 자주 먹통이 됨",앱 실행/오류
2026-07-15 05:15:04,기업,Android,2025-04-01 06:51:25,1,"모란앵무","전 버전에 대비 불편한점이 한두개가 아닙니다. 제발 전버전 다시 쓰게 해주세요.",기타
2026-07-15 05:15:04,기업,Android,2025-04-01 03:31:40,1,"soonbae Park","인증서가져오기 이후 페이지 안넘어 가져서 쓰지도 못함",인증/보안
2026-07-15 05:15:04,기업,Android,2025-03-31 22:58:05,1,"김아람","이전이랑 비슷하게 해주시던가.. 너무 불편하네요",기타
2026-07-15 05:15:04,기업,Android,2025-03-31 16:39:42,1,"김주원","이럴거면 뭐하러 바꾸는지 사업장이2개라 인증서 두가지로 쓰고있었는데 사업장2개 등록하려면 개인가입해야만 된다고하고 뭐하자는거냐 1시간째 욕이 절로 난다",인증/보안
2026-07-15 05:15:04,기업,Android,2025-03-31 13:35:18,2,"이주영","가입하기 너무 힘들었어요..",기타
2026-07-15 05:15:04,기업,Android,2025-03-31 07:17:17,1,"JunHeum Yoon (dba21c)","최악의 어플",기타
2026-07-15 05:15:04,기업,Android,2025-03-31 06:03:36,1,"백철수","오늘 새어플 쓰려다 개판 될뻔했슴다 이따위 어플 짜증나요 걍 기존꺼 쓰도록 해주시오 고객센터 30분 통화하다가 결국 기존어플로 송금 했습니다",이체/거래
2026-07-15 05:15:04,기업,Android,2025-03-31 05:26:37,1,"이동규","진짜쓰는데 엄청불편하고 렉이고버그진짜많음 ibk탈퇴예정",앱 실행/오류
2026-07-15 05:15:04,기업,Android,2025-03-31 02:42:36,2,"얌얌차차","왜 절대 다수의 불만으로 꼽히는 '간편송금'에 대한 자세하고도 직관적인 안내가 앱에 반영되지 않는지 의아합니다. 요는 '내폰등록하기(구 간편송금) 서비스를 가입하면 1천만원까지의 이체는 자동적으로 OTP 입력없이도 가능하다'인 거잖아요? 하지만 기존 고객들은 별도의 간편송금 버튼을 찾아 헤매는 거고요. 그렇다면 계속 뜨는 내폰등록 팝업창 등에 이 내용을 알기 쉽고 분명한 문구로 삽입해주어야 혼선이 없는 거죠, 기존엔 별도의 '간편송금' 버튼을 첫화면에서 눌러 사용했었으니까요. 지금은 첫화면에 '상품둘러보기'같은 가당찮은 메뉴가 메인 중 하나인데 이게 합당해요? 이 자리에 간편송금을 놔줘야죠! 게다가 이런 불만 리뷰들에 대한 답변들을 읽어도 제대로 이해가 안 갑니다. 제가 두 번 상담원 연결을 해보니, 상담원분들도 계속되는 동일 문의와 항의에 꽤 예민해져있고 지쳐있는 듯 느껴졌습니다. 직관적 안내로 간단히 해결할 수 있는 문제이니 여러 사람 괴롭지 않도록 속히 반영해주시길 바랍니다.",인증/보안
2026-07-15 05:15:04,기업,Android,2025-03-29 10:26:56,1,"DOT CHOI","법인 여러곳 연동해야되는데 별짓다해도 인증서가져오기가 안됩니다.",인증/보안
2026-07-15 05:15:04,기업,Android,2025-03-28 14:23:30,1,"김응선","이전 버전에 비해 사용하기 너무 어려워졌습니다. 공인인증서 로그인을 해야하는데 글씨 자판이 너무 작아서 자녀 도움 없이는 아버님이 로그인도 못 하세요. 핀번호 로그인 등록하는 방법도 없고 안내도 부족합니다. 이전 버전이 나아요. 기업용 어플을 나이 든 중,장,노년분들도 사용하시는걸 감안해주세요.",로그인
2026-07-15 05:15:04,기업,Android,2025-03-28 06:51:19,1,"J리콜라 (리콜라)","내 살다살다 다운그레이드 하는 어플은 처음보네. 뭐 이렇게 불편하게 만들었나요. 아니 어플로 무슨 업무를 주로 할꺼 같습니까? 간단한 조회 및 입출금인데 왜 직관적으로 만들지 않고 이따위로 만들어서 불편을 초래하니요? 자주쓰는 계좌도 pc에서 그대로 가져오던지 하지 테스트는 해보고 이렇게 어플 강요 하나요? 사업자계좌를 바꾸던가 해야겠네요",이체/거래
2026-07-15 05:15:04,기업,Android,2025-03-27 17:51:23,1,"홍근호","진짜 로그인도 잘 안되고 빙글빙글 돌기만하고 몇번째이체 시도후에야 됐네요 진짜 이런건 처음보네요 농협이랑 같이사용하는데 여기 기업은행 어플은 진짜 왜 이러는지? 전에 구 기업은행어플은 아무이상없었는데 진짜 승질나서 못쓰겠네요",로그인
2026-07-15 05:15:04,기업,Android,2025-03-27 11:17:29,1,"최윤식","이거 로그인 어떻게 하는겁니까?",로그인
2026-07-15 05:15:04,기업,Android,2025-03-27 10:14:02,1,"jaehyuk cho","한번 로그인 되고 그다음에 로그인하려면첫번째 로딩화면 에서 넘어가지가 않아요 왜 잘쓰고 있는 어플을 없애서 답답해 죽겟네요 어플 지웟다가 다시 깔기 몇번째인지 별하나도 아깝다",로그인
2026-07-15 05:15:04,기업,Android,2025-03-27 07:55:46,1,"찬이찬이","앱이 전 버전보다 너무 무겁습니다. 최적화좀 시켜주십쇼",기타
2026-07-15 05:15:04,기업,Android,2025-03-27 00:05:11,1,"마이랭","구 앱에서는 로그인 잘 되는데 이앱은 옛날 인증서만 떠서 인증서 만로되었다고 로그인 안됨 잘 되지도 않는데 쓰던거 강제로 종료하면 어떻게 하라는건지요 별하나도 아깝습니다. 누구를 위한 업데이트인지 계촤이체를 가장 많이 쓰는데 점점 더 불편하게 만들고 있음. 직관적인 UI못만드나요? 누가누가 고객 더 불편하게 어플만드는지 내기함?",로그인
2026-07-15 05:15:04,기업,Android,2025-03-26 08:56:54,1,"Jay M","거래내역 기간조회시 가끔 최근 2년내 거래내역을 보는 등 장기간 거래내역 조회할 일이 있습니다. 조회를 누르고 스크롤 내리다보면 최근 한 2~3개월치쯤에서 더보기를 눌러서 내려가야하는 식인데, 더보기를 누르면 스크롤이 맨위로 올라가고 2~3개월치가 추가됩니다. 이렇게 24개월 치의 거래내역을 보려고하면 더보기를 10번가량 누르고 스크롤도 10번가량 이미 내렸던걸 다시 내려야해요. 이 부분은 예전 어플에서도 해당하는 불편사항인데 수정해주시면 감사하겠습니다. 더불어 검색어로 거래내역 조회시에도 2-3개월치만 조회되고, 그 뒤에 기간을 조회하려고 더보기를 누르면 톱니바퀴만 무한으로 돌면서 어플이 멈춥니다. 이래서 어쩔수 없이 위에 언급드린 불편사항처럼 스크롤 내리는데 10분 가량 시간 뺏겨야했습니다.",이체/거래
2026-07-15 05:15:04,기업,Android,2025-03-26 04:14:30,1,"김승환","빠른이체 어디갔나요? 불편해죽겠어요 요즘 세상 은행 어플중에 일일이 비밀번호-추가비밀번호-공인인증서 비밀번호 3가지나 입력하는 은행어플이 어딧습니까? 업데이트 전에는 빠른이체 있었는데 왜 없어졌나요 자주쓰는 계좌 등록해놔도 안되는데 뭡니까 앱을 이따위로 만들고 개발자들도 기업은행 어플 안쓸 것 같은 느낌",로그인
2026-07-15 05:15:04,기업,Android,2025-03-25 09:47:01,1,"jin “안식의 공간” jung","툭하면 앱을 바꿔서 고객들에게 아주불편을 준다",기타
2026-07-15 05:15:04,기업,Android,2025-03-24 09:48:31,1,"이동현","로그인자체를 어렵게만들어놓고 다시 새로운앱설치하래서 뭔가쉬워졌나했더니 이번더어려워졌음 진짜 기업은행 거래 끊고싶다 기존어플 3월까지사용이라 새로운앱설치하고 로그인하려고 며칠을고생중 이럴거면 왜 귀찬게 새로운앱을 개발하는건지 이해가안된다 사업자은행2개이용중인데 그냐 기업은행은 거래끊어야겠다",로그인
2026-07-15 05:15:04,기업,Android,2025-03-23 23:37:19,1,"S소영","기존보다 복잡하고 직관적 이용이 없어져 너무 불편함",디자인/사용성
2026-07-15 05:15:04,기업,Android,2025-03-22 13:39:53,1,"이청송","아니~ 쓰면서 기업뱅킹만큼 짜증나게 만들어놓은데가 없네요~ 생체인증도 안돼, 금융인증서 발급했는데 번호가 다르다고 계속 오류로나네요,",앱 실행/오류
2026-07-15 05:15:04,기업,Android,2025-03-22 06:43:27,1,"남박대웅","드럽게 복잡해",디자인/사용성
2026-07-15 05:15:04,기업,Android,2025-03-22 01:21:40,1,"김성원","간편송금은 왜 안돼요 짜증이 다나네",이체/거래
2026-07-15 05:15:04,기업,Android,2025-03-22 01:03:01,1,"김정훈","하여튼 복잡해요",디자인/사용성
2026-07-15 05:15:04,기업,Android,2025-03-21 09:58:00,1,"Jaeik Lee","금융인증서 사용할려구 숫자 메세지 온거 다 입력하고 그다음 로그인 버튼 누르라고 해서 눌렀는데 아무 반응이 읍네 전화도 껏다 켜고 몇번을 했는데 로그인을 할수가 읍네 이 앱을 사용하지 말라는 뜻인가 --;",로그인
2026-07-15 05:15:04,기업,Android,2025-03-21 03:04:08,1,"나나사나나나","전에 잘 쓰던걸 괜히 바꿔서 에러 투성이임. 이전 어플 쓰시면 이거 쓰지 마세요. 진짜 쓰레기임 뭐만 하면 화면 얼어서 에러에러에러에러 아휴 짜증나",앱 실행/오류
2026-07-15 05:15:04,기업,Android,2025-03-18 00:18:01,1,"김다훈","바뀌고 로그인도 너무느리고 환전되는부분도 보기 불편해지고 자꾸 바꾸고그럼 은행을 바꿔야 될듯 해요",로그인
2026-07-15 05:15:04,알림,Android,2026-05-29 13:09:30,1,"김선영","왜 안열리나요? 계속 앱이 닫히네요?",기타
2026-07-15 05:15:04,알림,Android,2026-05-07 15:01:45,1,"한은정","최근에 휴대폰변경후 오랜만에 i-ONE 알림 들어왔는데 마지막단계에서 자꾸 오류나오네요. 몰라서 한참 헤매다가 여기 댓글보는중인데... 댓글보니 다들 같은얘기하는데 왜 이렇게 불편하게 만든건지...사용자입장에서 생각안하고 만든거같네요.알림서비스가 i-ONE Bank 앱에서 통합하여 제공된다는 답글을 봤는데...그럼 i-ONE 알림 앱은 없어지나요?? 정확한 내용을 알고싶어요.",앱 실행/오류
2026-07-15 05:15:04,알림,Android,2026-04-28 09:48:15,1,"박윤순","되다 안되다 ㅜㅜ",기타
2026-07-15 05:15:04,알림,Android,2026-04-08 07:51:55,1,"honeyhoney kim","개인인증하래서 정보다넣고 sms인증번호 다넣고 하면 네트워크가 안좋다고 안됩니다 사용이안되네요",기타
2026-07-15 05:15:04,알림,Android,2026-03-28 08:06:50,1,"Sungkyoon Choi","폰 교체후~ 앱실행이 안되는데.. 네트워크오류(9999)만 뜨구 센타 전화해보니 폰을 껐다가다 다시 커보라구 해서 했는데두 안됨~ 이거 되긴되는거임?",앱 실행/오류
2026-07-15 05:15:04,알림,Android,2026-03-19 03:05:17,2,"김철수","오케이",기타
2026-07-15 05:15:04,알림,Android,2026-03-06 04:41:37,1,"이충호","입출금시 알림음이 너무늦게 울리네요 빠른시일안에 수정 업데이트 해주세요",업데이트 불만
2026-07-15 05:15:04,알림,Android,2026-03-05 13:12:20,1,"심해인","핸드폰 교체 이후 재설치시 로그인할때 네트워크 오류라고 뜨면서 로그인이 안됩니다. 시간지나서 해도 똑같고 재설치해도 똑같고 다 안 됩니다. 이것때문에 계좌알림도 못받고있네요",로그인
2026-07-15 05:15:04,알림,Android,2026-02-27 23:19:51,1,"abcd efg","알려준 방법대로 다 해지하고 다시 깔았는데 계속 에러 9999나오는데? 아니 이거 어플 안되는 동안 내 계좌에서 불법으로 돈 빠져나가는거 내가 모르고 있으면 은행에서 책임질거임? 다른 은행어플은 이런 오류 안나는데 기업은행만 이럼ㅋㅋ 진짜 아니 무슨 은행이 이러냐고. 폰을 새로 바꿔도 본인 확인이 되면 어플 이용할수있게 해야지 오류가 나서 못쓰는게 말이됨? 폰 바꿀때마다 이짓을 반복해야 하는거임? 이럴줄 알았으면 기업 은행 이용도 안했음 진짜 짜증나",앱 실행/오류
2026-07-15 05:15:04,알림,Android,2026-02-12 07:57:42,1,"강주현","전화번호인증 중 에 전화번호 바뀌여 인증 어려운데요.. 해결방법 있나요?",기타
2026-07-15 05:15:04,알림,Android,2026-01-19 05:28:28,2,"콧물","전에 쓰던폰에서 잘쓰고 있다가 폰 새로 개통하면서 까니 데이터 안된다면서 오류 9999나옴 와이파이도 해보고 다른 인증서도 해보고 하루종일 계속 해보고.... 하.... 주거래가 기업은행이라서 입출금 알림 떠야하는데....자꾸 화면 나갔다 들어갔다 해야햄....",앱 실행/오류
2026-07-15 05:15:04,알림,Android,2026-01-15 07:49:51,1,"이신원","새로설치하는데 비밀번호 설정하고 완료하려니 계속 네트워크오류라고 나오는데 언제 해결될까요?",로그인
2026-07-15 05:15:04,알림,Android,2026-01-12 20:54:00,1,"이주연","요즘 알림이 안와서 다시 다운 받으러 왔어요 왜이래요?",알림/푸시
2026-07-15 05:15:04,알림,Android,2025-12-15 01:59:27,1,"daae","기가막히고 코가 막히는 이중 어플시스템 언제까지 이런식으로 할건가? 국민 돈으로 재벌 됐으면 양심이라도 좀 있어라 ~ 에휴",기타
2026-07-15 05:15:04,알림,Android,2025-11-25 04:32:59,1,"Kim Sun Hwa","에러너무 많아요",앱 실행/오류
2026-07-15 05:15:04,알림,Android,2025-10-20 02:23:44,1,"이준섭","제대로 작동 하지도 않음",기타
2026-07-15 05:15:04,알림,Android,2025-10-19 09:41:49,1,"10억","마지막단계 비밀번호설정에서 확인누르면 네트워크접속안된다고(9999)오류가 계속 뜨네요 어떻게해야하나요",로그인
2026-07-15 05:15:04,알림,Android,2025-10-16 10:24:05,1,"CQ Lee","알림 어플이 따로 있는게 말이 된다고 생각합니까 공공기관인지 준 공공기관인지 모르겠지만 암튼 그래서 일 대충하는거 알겠는데 사용자 입장에서 생각좀 했으면 좋겠네요. 결과물 수준에 개발자나 기획자 모두 자괴감을 좀 느끼길 바랍니다.",기타
2026-07-15 05:15:04,알림,Android,2025-10-03 09:21:09,1,"유일선","비밀번호 등록할때 네트워크 오류뜨면서 계속안됩니다",로그인
2026-07-15 05:15:04,알림,Android,2025-09-30 23:09:52,1,"정윤경","업데이트후 계좌에서 빠르게 보기 입출금 내용이 안떠서 넘 불편하네요 재설치해도 똑같아요",업데이트 불만
2026-07-15 05:15:04,알림,Android,2025-09-23 09:15:56,1,"김선희","빠른보기에 내용이나오지않습니다",기타
2026-07-15 05:15:04,알림,Android,2025-09-22 06:17:22,1,"민경만","휴대폰을 바꿔서 앱을 다시 깔앗는데 최초 인증단계에서 잘넘어가다가 마지막에 인증비밀번호에 서 오류 뜨는데 어떻게 해야되나요?",로그인
2026-07-15 05:15:04,알림,Android,2025-09-19 04:51:26,1,"권권구현","네트워크가 원할하지 않다면서 며칠째 안돼는 앱",기타
2026-07-15 05:15:04,알림,Android,2025-09-18 10:08:54,1,"Google 사용자","불편합니다 즐겨 찾기에 계좌검색 기능 없네요",이체/거래
2026-07-15 05:15:04,알림,Android,2025-09-16 07:41:45,1,"김정희","휴대폰 바꾸고 알림이 안옴 제거후 재설치해도 안옴.",알림/푸시
2026-07-15 05:15:04,알림,Android,2025-09-15 11:27:34,1,"최영기","빠른보기 이체이력과 자세히 보기 이력 간의 내용이 상이합니다 빠른보기 이력이 누락됩니다 일일히 계좌 확인해야 하는 불편함 신뢰도가 떨어집니다 개선해주세요",이체/거래
2026-07-15 05:15:04,알림,Android,2025-09-14 22:38:35,1,"jeongho park","휴대폰을 바꿔서 앱을 다시 깔았는데 최초 인증 단계에서 다 정상 진행되다가 마지막에 인증비밀번호 입력하고 저장 누르면 인터넷연결 오류가 뜹니다. 와이파이, 5G 등 다양한 환경에서 진행해봤는데 다 똑같은 오류 발생하는것을 보면 앱 문제인데 어떻게 진행해야 하나요?",로그인
2026-07-15 05:15:04,알림,Android,2025-09-14 01:54:21,1,"안성진","기업은행 어플 업데이트 이후 알림 어플이 정상 작동되지 않음. 상세보기 누르기전 입출금 내역이 정상적으로 출현 안함 상세보기 눌러 로그인이후 입출금 내역을 보고있음.",로그인
2026-07-15 05:15:04,알림,Android,2025-09-13 05:02:40,2,"존잘미남","계속 쓰고있었는데 갑자기 꺼지더니 본인인증다시하라해서 하는데 서비스연결이 원활하지 않다면서 본인인증이 안됩니다 그래서 앱사용을 아예 못하고 있습니다 해결좀 해주세요",신분증인식
2026-07-15 05:15:04,알림,Android,2025-09-12 02:23:59,1,"romi Kim","기기변경 후 본인인증 마지막 단계에서 네트워크 오류나요 .... 앱을 사용할 수가 없네요... 기업말고 다른 은행 써야하나봐요...",앱 실행/오류
2026-07-15 05:15:04,알림,Android,2025-09-11 05:52:30,2,"이소연","업데이트전에는 남은 잔액까지 다 나오더니 업데이트후에는 잔액이 안보여서 불편합니다",업데이트 불만
2026-07-15 05:15:04,알림,Android,2025-09-07 02:23:14,1,"박은석","오류엄청남",앱 실행/오류
2026-07-15 05:15:04,알림,Android,2025-08-29 02:12:57,1,"손형민","인증 다하고 마지막 비밀번호 입력하면 네트워크연결이 원활하지않다고 뜹니다 에러코드 9999",로그인
2026-07-15 05:15:04,알림,Android,2025-08-28 11:51:03,1,"송영호","휴대폰 본인인증 문자가 안 와서 가입 완료가 안 됨. 앱 재설치, 휴대폰 재부팅해도 안 옴",신분증인식
2026-07-15 05:15:04,알림,Android,2025-08-14 21:47:08,1,"유경종","이번에출시된 폴더블이랑 버전이 안맞는건가요? 로그인비번인증하려니 자꾸 네트워크오류뜨면서 안되요 이틀동안",로그인
2026-07-15 05:15:04,알림,Android,2025-08-04 04:06:23,1,"MJ G","사용자 정보 좀 업데이트 수용 할 수 없나요? 핸드폰 번호 바뀐거 은행에는 등록되어있는데, 왜 알람앱은 전에 번호가 나와서 인증도 안되게 하고 직접 은행을 가게 만듭니까?",업데이트 불만
2026-07-15 05:15:04,알림,Android,2025-06-22 15:51:40,1,"won lee","저녁에 이체된게 새벽에 알림 옵니다 그냥 알림앱 시늉만하는 앱 같습니다.기업은행 앱 자체 알림도 마찬가지 입니다",이체/거래
2026-07-15 05:15:04,알림,Android,2025-05-15 11:50:26,2,"이현옥","출입금 내역 알림이 전혀 안뜹니다 재설치 및 권한허용, 알림설정, 소프트웨어 업데이트를 했는데도 전혀 안뜹니다",업데이트 불만
2026-07-15 05:15:04,알림,Android,2025-05-14 08:54:50,1,"루설아TV","왠만하면 이런거 안쓰는데 애러0058좀 해결해라 사용할때마다 열받아죽겠내",기타
2026-07-15 05:15:04,알림,Android,2025-05-11 04:37:06,1,"조윤재","현재 갤럭시s25에서 알림이 정상 작동하지 않는거 같습니다. 입출금 다 알림이 전혀 작동안하구요. 업데이트가 필요한거 같아요",업데이트 불만
2026-07-15 05:15:04,알림,Android,2025-05-02 23:39:07,1,"쥐앤장","앱이 무한로딩중이고 안열립니다",속도/성능
2026-07-15 05:15:04,알림,Android,2025-03-21 06:29:00,1,"rina Sab","알림이왜다니 않울림? 되다가 안되다가 ㅡㅡ",기타
2026-07-15 05:15:04,알림,Android,2025-02-17 22:56:01,1,"[윤아TV]yunatvo","요즘 안 켜져요",기타
2026-07-15 05:15:04,알림,Android,2025-02-01 08:16:37,1,"jjj SHIN","계좌번호로 2단계 본인인증시...핸드폰 번호 바꼈는데 몇번을 삭제했다 다시 깔아도 마지막 핸드폰 인증시 기존번호로 자동 등록 되어있네요",신분증인식
2026-07-15 05:15:04,알림,Android,2025-01-31 03:03:12,1,"Ri Do","로딩만 되고 무슨 앱인가요? 나참나 ㅎ ㅎ ㅎ",속도/성능
2026-07-15 05:15:04,알림,Android,2024-12-26 23:20:04,1,"Fly me to the moon","무슨 앱을 이따위로 만들어놨어 기업계좌없으면 로그인도 안되게해놨네 기업카드만 있는사람은 어떻게 로그인을 하란말이요?",로그인
2026-07-15 05:15:04,알림,Android,2024-12-18 04:04:34,1,"최한표","그동안 수년동안 잘 썼는데 갑자기 알림이 전혀 안오네요. 최근리뷰 보니까 알람 안온다는 내용 많던데 항상 똑같은 답변을 복붙해 놨더군요. 답변대로 전부 다 해봤고 여전히 알람 안옵니다. 뭔가요 이 앱?? **추가리뷰** 1566-2566 전화해서 물어봤는데도 해결을 못해주더군요. 다른은행으로 바꿔야하나...",기타
2026-07-15 05:15:04,알림,Android,2024-12-16 14:53:25,2,"ME NIK","알림이 전혀 안오는데 앱권한 두가지 다 허용인데 이유가 뭘까요? 앱설정에서도 알림 전부 허용인데 시간이 지나도 전혀 안옵니다. 갤노트20 사용중이구요.. 24.12월 또 알림 안되네요..",기타
2026-07-15 05:15:04,알림,Android,2024-12-02 10:08:12,1,"YANA","입출금 알림이 안 뜨는데.. 의미가 있나요 이 앱",알림/푸시
2026-07-15 05:15:04,알림,Android,2024-11-12 00:27:10,1,"rimiii","알림이 안떠요.전에도 그래서 업데이트 하고 되긴 됐었는데 이번에는 업데이트 해도 안뜨네요.",알림/푸시
2026-07-15 05:15:04,알림,Android,2024-10-29 04:18:51,1,"최우혁","몇주정도 알림이 안오길래 다시깔고 어플 들어가서 알림 수신하고 했는데 계속 안와서 폰 기기 자체 설정에 앱알림 들어가보니 i-one 알림이 없네요.",알림/푸시
2026-07-15 05:15:04,알림,Android,2024-10-28 05:15:20,1,"이보람","알람이 안울려요 20번 30번중에 한번 올까말까ㅠ",기타
2026-07-15 05:15:04,알림,Android,2024-10-25 04:25:09,1,"마나피","알림 어플이 알림이 안 뜨면 왜쓰죠..",알림/푸시
2026-07-15 05:15:04,알림,Android,2024-10-01 03:24:22,1,"이성현","거래내역 검색할때 자판 한글자만 쓰면 자판 입력창이 꺼짐 정말 짜증나는데 수정안함",앱 실행/오류
2026-07-15 05:15:04,알림,Android,2024-09-25 02:37:35,1,"혁박준혁","얩이안들어가짐",기타
2026-07-15 05:15:04,알림,Android,2024-09-17 13:27:44,1,"배진수","은행계좌 없이 카드만 있는사람은 아예 등록을 못하게 해놨네요 05단계에서 계좌 선택을 못해서 넘어갈수가 없음. 진짜 성의 없는 앱",이체/거래
2026-07-15 05:15:04,알림,Android,2024-08-28 00:47:26,2,"정경춘","실행 속도가 느려졌습니다 점검 해주시면 감사하겠습니다",속도/성능
2026-07-15 05:15:04,알림,Android,2024-07-25 18:37:26,1,"꾸양","은행어플에서 알림이 잘 오다가 어느순간부터 안오길래 앱을 지웠다가 다시 설치도 해보고 그래도 알림이 안오길래 알림어플까지 설치를 하고 모든 알림(광고빼고) 다 받는걸로 했음에도 왜 입출금 알림이 안오는지 모르겠네요. 알림설정에서 다 on으로 해놨고 혹시 몰라 핸드폰에서 알림설정 확인해봤지만 알림 수신하게 설정했는데 대체 왜 IBK만 입출금 알림이 안올까요? 다른 은행어플들은 알림이 잘만 오던데요.",알림/푸시
2026-07-15 05:15:04,알림,Android,2024-07-06 02:25:53,1,"나의나라","알림 어플에서 알림이 안 온다",알림/푸시
2026-07-15 05:15:04,알림,Android,2024-06-16 05:32:03,1,"ko wj","별한개도 아까운 쓰레기같은 어플. 이러니 은행이 뒤쳐지는거다. 요구하는 정보는 미친듯이 많지만 되는건 하나도 없음.",기타
2026-07-15 05:15:04,알림,Android,2024-05-08 08:31:50,1,"네일하는언니","알람이 언젠가부터 안울려요 ㅜㅜ 어플리케이션권한 알림설정해놓아져있는데도 안울립니다 어떻게된걸까요",기타
2026-07-15 05:15:04,알림,Android,2024-05-07 00:03:10,1,"ᄒᄒ","알림설정을 해놓았는데도 알림이뜨지않고 소리도 안나고요ㅠ 전에 앞에 있던것은 되었는데 갤럭시s23fe는 안되네요ㅠ",기타
2026-07-15 05:15:04,알림,Android,2024-04-01 07:42:17,1,"노래찾기","아니 왜 설정도 다 온으로되있고 업데이트도 다했는데 알림이 안옵니까 알림어플에 알림이안오면 뭐하는거지?몇달짼지모르겠네 한두명도 아니고 안되면 고치든가 어플이이상한데 문의는 무슨 문의해라그러는지 아휴",알림/푸시
2026-07-15 05:15:04,알림,Android,2024-03-21 00:09:49,1,"마린보이","아니 어플이름이 알림인데 어느순간부터 알림이 안옴 ㅎㅎ",알림/푸시
2026-07-15 05:15:04,알림,Android,2024-02-28 04:04:15,1,"HS SHIN","입출금, 카드결제 알림을 듣기 위해 어플을 깔아야 하는 낮은 기술력. 심지어 카드결제 알람은 울리질 않아요. 최악",이체/거래
2026-07-15 05:15:04,알림,Android,2024-02-12 08:04:46,1,"루나연","S24+ 휴대폰문자인증 안와요... 꼭사용하는데요 ㅠㅠ",기타
2026-07-15 05:15:04,알림,Android,2024-02-09 05:36:44,1,"류용기","누르지도 않았는데 눌러졌다면서 화면에 오류가 걸려요 기본적으로 앱 실행 시 오류가 걸려요 해결 부탁드립니다",앱 실행/오류
2026-07-15 05:15:04,알림,Android,2024-02-03 19:25:15,1,"Move Up","입출금 알림 안떠요. ui 업뎃이후에요. 설정 다 ON 해놨어요.",이체/거래
2026-07-15 05:15:04,알림,Android,2024-01-27 04:12:32,1,"븢이","입출금 알림이 바로바로 상단에 몇년째 뜨지 않습니다. 폰 바꿔도 안되고요 고객센터에 전화해봣는데 안돼요ㅡㅡ 빨리 고쳐주세요 ㅡㅡ",이체/거래
2026-07-15 05:15:04,알림,Android,2024-01-03 11:33:30,1,"민슬기","업뎃이후 알림갯수 정확하게 표시되던것이 입출금 한번시 아이콘에1 이라고 뜨던것이 입출금 횟수에 상관없이 아이콘에102 라고뜹니다ㅡㅡ 아이콘에알림창102라고적혀저 있어서 보이스피싱 해킹당한줄알고 은행가서 확인하고 별짓을 다햇네요. 오류 수정해주세요 입출금 횟수랑 다르게 아이콘에 102나 104라고 알림창 떠있습니다. 갤럭시 최신폰 사용중입니다",앱 실행/오류
2026-07-15 05:15:04,알림,Android,2024-01-03 04:52:38,1,"제리","입출금 알림서비스를 이용하려고 하는데 그냥 기업은행앱에서도 알림서비스가 있어서 휴대폰 인증하고 가입했는데 알림이 안떠서 i-one알림 앱을 깔아서 신청하려고 하는데 휴대폰 인증에서 인증번호 문자가 안옵니다. 일반 기업은행앱에서는 휴대폰 인증을 했는데 i-one알림앱에서는 인증이 안되는 이유가 궁금합니다. 이 때문에 기업은행만 입출금알림을 못받고 있습니다.",알림/푸시
2026-07-15 05:15:04,알림,Android,2023-12-30 19:14:02,1,"수호천사","입.출금 알림이 안되네요",알림/푸시
2026-07-15 05:15:04,알림,Android,2023-12-06 00:55:48,1,"ヒョンジュン","갤럭시 소프트웨어 one ui 6.0 에맞춰 어플최적화업데이트가 안되있는것같네요 입출금 알림이 울리지않으며 설정에서 보면 앱알림이표시 되지않고 애플리케이션 설정에서 보면 앱에서 알림을 보내지 않습니다 라고 표시되네요 재설치해도 똑같아요 타 금융앱들은 베타 버전때부터 문제 파악하고 언제까지 수정한다고 이야기하고 정식소프트웨어 출시때는 잘되고 있는데 많이 느리네요 빠른 수정 부탁드립니다",업데이트 불만
2026-07-15 05:15:04,알림,Android,2023-11-25 06:50:49,2,"이헌태","왜안되노",기타
2026-07-15 05:15:04,알림,Android,2023-09-24 08:19:17,1,"오라클리우스","석달전쯤?? 부터 알람이 아예 오지 않아요ㅡㅡ 답답해서 미칠거같습니다. 남편은 문자로 저는 앱으로 사용내역 확인위해 알람을 신청해놨는데 아예 울리지를 않으니 답답해 죽겠어요.",기타
2026-07-15 05:15:04,알림,Android,2023-08-18 16:35:03,1,"유철","설치후 설정을 하려는데 인증번호전송을 해도 인증번호가 폰의메시지나 카톡 전부 안오는데 어떻게 해야하나요 빠른 답변 부탁해요",기타
2026-07-15 05:15:04,알림,Android,2023-07-26 02:08:30,1,"미스터리","고객편의 안봐주는곳 어플사용시 원클릭으로 항목 찾는게아닌 여러 소분류 누르고 찾아들어감 즐겨찾기 기능이라도 넣어라 모지리들아",기타
2026-07-15 05:15:04,알림,Android,2023-07-13 02:14:05,1,"쓰나미","알림 안오네요 출금 했는데 알림이 안오나요?",알림/푸시
2026-07-15 05:15:04,알림,Android,2023-05-31 23:28:58,1,"강성규","1동",기타
2026-07-15 05:15:04,알림,Android,2023-04-28 12:52:29,2,"서재숙","용량이작아요~!!!!",기타
2026-07-15 05:15:04,알림,Android,2023-04-28 06:39:15,1,"장득봉","왜 알림이 안오죠.. 오다가 말다가 중복이 된것도 아니고 절전설정을 해 놓은것도 아닌데.. 몇달전까지는 잘 되다가 요즘은 아예 먹통이네요",알림/푸시
2026-07-15 05:15:04,알림,Android,2023-04-25 11:21:08,1,"jw B","뱅킹, 알림 둘다 알림이 안와요 똑같은답변만 계속 붙여넣기 하지마시고 해결책을 찾아주세요",알림/푸시
2026-07-15 05:15:04,알림,Android,2023-04-13 01:02:27,1,"DDA_ GAEBE","알림앱인데 알림이 안뜨네요",알림/푸시
2026-07-15 05:15:04,알림,Android,2023-04-11 18:40:32,1,"강용운","입출금알림소리가안뜨네요. 업데이트하시면서.잘못하셧는지.울릴때도잇을때도잇고없을때도잇네요.확실히.점검해주셧으면합니다. 몇주째울리지도않아요..지웟다가.다시설치만반복해도.울리지가않네요",업데이트 불만
2026-07-15 05:15:04,알림,Android,2023-03-27 08:51:11,1,"세이","겁나느리고 짜증남",기타
2026-07-15 05:15:04,알림,Android,2023-03-17 03:32:36,2,".","2~3일에 한번 앱이 실행되지 않아요. 앱을 실행하면 화면이 나왔다 사라집니다. 폰을 재시작해야 제대로 됩니다. 많이 불편하네요.",디자인/사용성
2026-07-15 05:15:04,알림,Android,2023-03-01 02:58:38,1,"인업라","잘쓰다가 갑자기 푸시 알림이 하나도 안뜨네요 앱에서 설정 다하고 폰에서도 설정 되어 있는데 갑자기 안되는 이유는 멀까요 매번 입출금 될때마다 앱으로 들어가서 확인해야 하는 번거러움이 있네요 빨리 조치좀 취해주세요",알림/푸시
2026-07-15 05:15:04,알림,Android,2023-02-22 17:23:52,1,"락님","원알림 담당자 그만뒀나요? 입출금 알림 안되네요 내일 날 밝으면 본사에 민원 제출해야되겠어요.. 담당자가 일을 안하는게 아니고 능력부족이라고..",이체/거래
2026-07-15 05:15:04,알림,Android,2023-02-11 10:32:33,1,"신동호","알림이 갑자기 안오네요..지웠다 깔았다를 몇번 했는지",기타
2026-07-15 05:15:04,알림,Android,2023-02-04 14:54:36,1,"색종이","아니 본인인증에서 휴대폰입력 이안돼요 왜이래요이거 개빡침",신분증인식
2026-07-15 05:15:04,알림,Android,2023-01-09 10:10:36,1,"김광택","몇년을 잘쓰다가 요즘 계속 팅겨요 강제 종료됩니다",기타
2026-07-15 05:15:04,알림,Android,2022-12-23 02:05:43,1,"CruelMay","왜 알람이 안울리나 했더니 저만 그런게 아니었군요? 업데이트를 해주던지 조치를 취해주세요",업데이트 불만
2026-07-15 05:15:04,알림,Android,2022-12-21 16:44:08,1,"심호용","접속하면 계속튕겨저요",앱 실행/오류
2026-07-15 05:15:04,알림,Android,2022-12-17 06:05:01,1,"김도영","상세 거래내역 확인하러 들어가면 튕기는 버그가 2개월 넘게 지속되고 있는데 언제 고치실겁니까?",앱 실행/오류
2026-07-15 05:15:04,알림,Android,2022-12-12 20:49:12,1,"권아랑","폴드3 앱 로그인하면 앱오류수정이라면서 계속 처음화면으로 튕기는데 개발자수정업데이트라는데 어떻게 해야되나요??",로그인
2026-07-15 05:15:04,알림,Android,2022-12-09 03:28:29,1,"주현기","앱 오류 심해요 접속하면 곧바로 팅겨서 나갑니다 스마트폰 자체진단으로 앱에 버그가 생겨서 팅긴다고 하는데 빨리 업데이트 바랍니다..",앱 실행/오류
2026-07-15 05:15:04,알림,Android,2022-11-25 10:46:39,1,"힘내라.","비범 입력하고 자세히 보기로 들어가면 앱이 다운됨 빨리 개선바람 다운하고 삭제하고 다운하고 삭제해도 안됨 오류가 계속 생김",앱 실행/오류
2026-07-15 05:15:04,알림,Android,2022-11-21 06:15:20,1,"uu u","폰번호 바뀌었는데 구번호로 인증이가서 앱설치가 아됨. 어떡하죠?",기타
2026-07-15 05:15:04,알림,Android,2022-11-17 23:55:11,1,"김곰돌","알림 안옴 답답하다 진짜",기타
2026-07-15 05:15:04,알림,Android,2022-11-05 03:33:28,1,"메이얀","현재 본인인증후 이미가입된전화번호라고 한후 특별한 화면없이 처음화면으로 돌아가고있습니다.",신분증인식
2026-07-15 05:15:04,알림,Android,2022-10-26 09:03:42,1,"황진혁","인증번호가와야등록하죠ㅜㅜ",기타
2026-07-15 05:15:04,알림,Android,2022-10-14 06:52:02,1,"최재영","알림이 안 와서 여러번 지웠다 다시 깔아도 여전히 알림이 안돼네요. 모든 알림설정을 ON으로 바꾸고 확인도 여러번 했습니다. 도대체 뭐가 문제인지 알 수가 없어서 답답하네요. 어플 이름이 알림인데 알림이 전혀 안돼니 깔 이유도 없고 사용할 일도 없어서, 진짜 여러번 깔고 지우고를 반복하다가 결국 삭제합니다.",알림/푸시
2026-07-15 05:15:04,알림,Android,2022-10-11 09:43:34,1,"이현진","오류 너무 잘나서 삭제하고 다시 깜",앱 실행/오류
2026-07-15 05:15:04,알림,Android,2022-10-07 19:58:05,1,"K트레이더","알림 전혀 안오네여 실망입니다",기타
2026-07-15 05:15:04,알림,Android,2022-08-28 10:31:15,1,"eq 900","어플깔아서 신규등록을 하려는데 5번을해도 휴대폰 인증번호가 전송이 안됩니다.",기타
2026-07-15 05:15:04,미니,Android,2026-01-02 02:21:15,1,"Google 사용자","오류계속 뜸",앱 실행/오류
2026-07-15 05:15:04,미니,Android,2025-12-23 19:22:03,1,"김상민","아이디 알려달랬는데 뒷자리 비공개처리하고 알려주는건 뭐냐",기타
2026-07-15 05:15:04,미니,Android,2023-11-19 04:20:53,1,"Ya nadu","이 어플 버린거죠?",기타
2026-07-15 05:15:04,미니,Android,2023-07-19 18:14:46,1,"joowhan park","공인인증서 pc나 스마트폰에서 가져오기해서 가져오기성공해도 공인인증서가 검색되지 않아 로그인 못하고 있음",로그인
2026-07-15 05:15:04,미니,Android,2023-05-31 01:31:52,1,"이윤희","인증서 복사오류",앱 실행/오류
2026-07-15 05:15:04,미니,Android,2023-05-10 07:01:40,2,"Eiri Maxwell","인증서 갱신으로 지문재등록을 하려는데 마지막 단계에서 안되네요. 동일한 증상 있는 분들 여럿인거 같은데 수정바랍니다.",인증/보안
2026-07-15 05:15:04,미니,Android,2023-05-05 09:01:34,1,"김미진","공인인증서 다른은행 다 되는데 없다네요 빨리 수정 바랍니다.",인증/보안
2026-07-15 05:15:04,미니,Android,2023-05-04 02:01:45,1,"최성건 (너랑너)","전화기 변경으로 지문 재등록시 시크릿카드 번호 입력 후 진행이 안됩니다. '메뉴를 불러올 수 없어 앱이 재시작 되었습니다.' 창이 뜹니다.",인증/보안
2026-07-15 05:15:04,미니,Android,2022-12-01 06:26:58,1,"monyang mo","예금담보대출 조회 및 상환은 안되나요???",기타
2026-07-15 05:15:04,미니,Android,2022-11-29 06:06:45,1,"독수리","좀 개선해주세요 수화상담 서비스하려고 하는데 되는 순간 갑자기 화면이 검게 변하고 아무 반응이 없어요 개선 바랍니다.",디자인/사용성
2026-07-15 05:15:04,미니,Android,2022-09-21 07:12:41,1,"12-29 david","인증서 없다고 갑자기 안됨 다른 기업은행 앱이나 타사 금융앱은 인증서 확인되고 사용됨 조치 바랍니다",인증/보안
2026-07-15 05:15:04,미니,Android,2022-09-17 19:43:23,2,"황정민","아니왜 인증서가 갑자기 사라지고 인증서 재발급이 인증서비번설정에서 제대로 설정해도 숫자 영문 특수문자 조합하라고 뜨고 되지를 않는거죠? 하루종일 뱅킹을 할수가 없는게 말이되나요?",인증/보안
2026-07-15 05:15:04,미니,Android,2022-09-17 10:04:18,1,"차은주","며칠전부터 갑자기 공인인증서가 없다고 나와요 폰에 공인인증서 있어서 타은행 카드어플 다 사용중이고 혹시나해서 PC 기업은행 사이트가서 공인인증서 다시 옮겨와도 계속 없다고 나오네요 미니말고 그냥 기업은행 어플은 인증서있다고 나오고 로그인도 됩니다",로그인
2026-07-15 05:15:04,미니,Android,2022-03-04 23:49:34,1,"김유리","갑자기 오류뜨고 이체가안되는데 왜이럴까요 오류메세지 ECBKEXT11493",앱 실행/오류
2026-07-15 05:15:04,미니,Android,2022-02-22 08:25:30,1,"juan son","맨날 뭐 할때마다 먹통임",앱 실행/오류
2026-07-15 05:15:04,미니,Android,2022-01-11 10:10:53,1,"이지성 (뚜르드몽드)","공동인증서가 없다네요.. 다른앱에서는 잘 쓰고 있는데... 기업은행 메인앱은 다른명의 로그인이 안되고.. 미니로는 쓸수있대서 깔았더니 공동인증서가 없대고.. 기업은행 불편해서 못쓰겠네요. 요즘이 어떤 세상인데 앱들을 이렇게 운영하는지..",로그인
2026-07-15 05:15:04,미니,Android,2021-12-09 23:26:22,1,"장우진","갑자기 공동인증서가 없다고 뜨는건 뭔가요? 다른 은행어플은 잘 접속하고 있는데요..",인증/보안
2026-07-15 05:15:04,미니,Android,2021-12-05 03:57:37,1,"성야","다른 은행어플은 다 공유저장소에 있는 공동인증서 인식 잘하는데 왜 이 어플만 인식 못하는지? 진짜 수준 떨어져서 은행 갈아타야지 원..",인증/보안
2026-07-15 05:15:04,미니,Android,2021-10-11 11:33:22,1,"김하나","계속 앱닫기나와서 로그인자체가 안됨",로그인
2026-07-15 05:15:04,미니,Android,2021-07-24 13:11:36,1,"김기정","갑자기 업데이트 된 이후로 미지원 브라우저라고만 뜹니다. 이럴거면 업데이트는 왜 하라고 하는건가요^^?",업데이트 불만
2026-07-15 05:15:04,미니,Android,2021-04-08 01:45:37,1,"변지훈","와이파이도 켜져있고 데이터도 켜져있는데 네트워크 연결이 안되어 있다고 뜹니다",기타
2026-07-15 05:15:04,미니,Android,2021-04-08 01:41:25,1,"이수정","잘사용해왔는데 갑자기 네트워크에연결이안되어있다고 뜨면서 안되네요 핸드폰을 껐다가 켜보기도했고 데이터를 껐다가 켜보기도했는데 그래도 안되네요",기타
2026-07-15 05:15:04,미니,Android,2021-02-08 09:46:50,1,"박석만","아니왜 렉이리심해? 장난하는것도아니고 좀고쳐라",속도/성능
2026-07-15 05:15:04,미니,Android,2021-01-15 06:10:47,1,"권지란","자꾸 뭐 하나만 보고 오려고 해도 원점으로 돌아가고, 과정 힘들게 반복하다가도 누가 카톡 보내면 또 먹통 원점으로 돌아가는데 이런 쓰레기 폐기처분하세요. 몸에 사리 생길것 같아요",앱 실행/오류
2026-07-15 05:15:04,미니,Android,2021-01-13 04:50:46,1,"이미애","업뎃이후 안됨ㅋ뭐하자는거지",기타
2026-07-15 05:15:04,미니,Android,2021-01-08 04:49:55,1,"j.c","정말 욕나오네요",기타
2026-07-15 05:15:04,미니,Android,2020-12-15 13:58:06,1,"LYNN","왜 업데이트 한 이후로 조회랑 이체가 안되는거죠?? 바빠죽겠는데 맨날 은행가서 일처리해야하고 뭐하자는건지 모르겠네요; 원래대로 돌려놔요 제발...",업데이트 불만
2026-07-15 05:15:04,미니,Android,2020-12-14 09:07:19,1,"_","공동인증서 제도 도입날부터 로그인 안된다 짜증남",로그인
2026-07-15 05:15:04,미니,Android,2020-12-11 14:25:39,2,"안제이","앱이 안열려여",기타
2026-07-15 05:15:04,미니,Android,2020-12-03 19:26:56,1,"JUS","정말 최악임",기타
2026-07-15 05:15:04,미니,Android,2020-10-15 08:58:44,1,"PINK MINT","아니~왜! 이체 마지막에 공인인증서 비번 쓰는데..계속 숫자나 영문 소,대문자만 된다고 자꾸 오류가 뜨나요? 비번 만들때는 특수문자 포함시켰으면서. 어쩌라는건지..ㅜ 이것땜에 은행까지 가야합니까? 속터지네요..",앱 실행/오류
2026-07-15 05:15:04,미니,Android,2020-09-28 03:52:28,1,"강보임","기존에 편하게 사용한앱을 너무나 복잡하게 여러계좌송금도 불편하고 송금때마다 OTP 가져다녀야하고 불편해도 너무나 불편합니다 카톡으로 이렇게 이체결과도 보낼수없습니다",인증/보안
2026-07-15 05:15:04,미니,Android,2020-06-04 06:30:31,1,"D H","보안카드 번호 입력 없이 지문 으로 바로 계좌이체 할수 없나요? 다른은행은 지문 으로 한번에 이체 하게 편하게 돼있는데...",인증/보안
2026-07-15 05:15:04,미니,Android,2020-05-27 04:11:01,1,"s pk","개발자멋대로 유출 쉬운 비밀번호라니? 너 때문에 다른 은행것도 다 바꾸랴? 여튼 기존은행 망되고 새로운 뱅크가 나와야 고정관념이 바뀔거야.",로그인
2026-07-15 05:15:04,미니,Android,2020-05-07 04:36:42,1,"Haena Kim","이거 자꾸 에러뜨는데 왜 이러나요?",앱 실행/오류
2026-07-15 05:15:04,미니,Android,2020-02-27 10:12:12,2,"Google 사용자","유용하다",기타
2026-07-15 05:15:04,미니,Android,2020-02-27 01:02:02,2,"Google 사용자","다운이 99%에서 넘어가지도 않고 안되네요",기타
2026-07-15 05:15:04,미니,Android,2020-01-20 10:06:34,1,"Google 사용자","아 진짜 로그인 짜증나네 앱관리좀 하세요~! 접속이 안됨!! 더러워서 다른은행으로 옮기던지 해야지 원",로그인
2026-07-15 05:15:04,미니,Android,2020-01-18 17:44:57,1,"Google 사용자","개같네 지문을 못 읽어서 사람 번거롭게 만드네",인증/보안
2026-07-15 05:15:04,미니,Android,2020-01-17 12:55:00,1,"Google 사용자","이런 버러지들이 잘쓰고 있는데 왜 앱을 분활해놨어",기타
2026-07-15 05:15:04,미니,Android,2019-12-16 13:59:06,1,"Google 사용자","비밀번호를 왜 사용자 마음대로 설정못하게한 이유가 먼지? 이것저것 안된다고 하는데 헤킹하기 쉽게 경우의 숫자들 미리 지우는 이유가 먼지 이해안됨.주민번호로 만들든 전부같은숫자로하든 성인인 사용자가 자기 책임하에 사용하는건데 왜 남의 은행통장 비밀번호를 당신들 입맛에 맞게 설정하라고 강요하는 이유가 먼데?전체6자리 조합숫자중에 미리 빼도되는 숫자들 만들어서 해킹에 도움주는 이유를 모르겟음.사용자 본인이 기억못하는 비밀번호를 만들라고 왜 강요하는데? 비밀번호 만들다가 열받아서 핸드폰 박살낼뻔햇네... 아 미치게 짜증나고 돌겟네 . 40분 헤메다 결국 6자리비밀번호 설정못함...나에겐 사용못하는 어플되어버림...짜증.",로그인
2026-07-15 05:15:04,미니,Android,2019-12-06 01:18:00,2,"Google 사용자","앱이 자꾸 중지가 되서 들어갈수가 없네요 오류 확인좀ㅠ...",앱 실행/오류
2026-07-15 05:15:04,미니,Android,2019-12-06 01:12:36,1,"Google 사용자","아니 왜 튕겨서 의견보내라그래 안되고 짱나게",앱 실행/오류
2026-07-15 05:15:04,미니,Android,2019-12-06 00:36:59,1,"Google 사용자","왜 업데이트 후 자꾸 실행중 중단되어 꺼지는거죠? 삭제후 재설치해도 같은 증상입니다",업데이트 불만
2026-07-15 05:15:04,미니,Android,2019-12-05 16:36:42,1,"Google 사용자","19년12월5일 업데이트 이후 앱자체 실행안됩니다 계속해서 중지되고 전화하니 전산팀에 문의해야해서 낮에 해보라하고 왜 그런지 설명바랍니다",업데이트 불만
2026-07-15 05:15:04,미니,Android,2019-12-05 16:29:03,1,"Google 사용자","원래 잘 쓰고 있었는데 어제 업데이트를 한 뒤로 자꾸 앱을 켜자마자 앱이 중지된다고만 뜨고 켜지질 않네요. 다른분들도 똑같은데 글을 안쓰시는건지, 제꺼만 문제가 있는건지 모르겠네요. 확인 후 조치 부탁드립니다",업데이트 불만
2026-07-15 05:15:04,미니,Android,2019-10-26 12:41:50,1,"Google 사용자","타행공인인증 등록이안됨. 아이디도 생성못해서 뱅크샐러드 연동도안됨. 기업카드어플이 따로없어서 기업은행계좌까지만듬. 장난하냐?? 일반사람말고 기업하고만 거래한다고 해라 그냥.",이체/거래
2026-07-15 05:15:04,미니,Android,2019-10-06 08:34:52,1,"Google 사용자","카드 선결제도 안되고 휙송금도 잘쓰고있었는데 그것도 안되고 이전 패턴이 더 편하고 좋은데.. 무슨 생각이신지 모르겠네요 결론적으로 엄청 불편합니다",이체/거래
2026-07-15 05:15:04,미니,Android,2019-10-04 11:21:15,1,"Google 사용자","간편 로그인 없내요. 기업은행 알림처럼 간편하게 로그인할수 있으면 좋겠어요.",로그인
2026-07-15 05:15:04,미니,Android,2019-09-25 10:41:59,1,"Google 사용자","타은행인증서 등록이 안되네요 새로나온 원뱅크인지 그 앱도 이상하고 문제가 많습니다",인증/보안
2026-07-15 05:15:04,미니,Android,2019-09-10 11:04:49,1,"Google 사용자","아 이거 대체 타행 공인인증서 등록을 어떻게 하란 말인가요? 가져오기 번호 나오는데 도대체가 계속 되지를 않음. 번호받아서 타행에서 스마트폰으로 인증서 내보기하면 안 보내짐. 기업은행만 그러네요. 도대체 어떻게 하란 말인가요?",인증/보안
2026-07-15 05:15:04,미니,Android,2019-09-05 16:39:08,2,"Google 사용자","공과금 납부가 안되요",기타
2026-07-15 05:15:04,미니,Android,2019-08-25 03:28:14,1,"Google 사용자","공인인증서 다른은행거 등록하랴고 하면 로그인하라고 창뜨고 로그인하려면 타행인증서 등록 먼저하라고 뜸 이거 무한반복이라 진행을 할수가 없음",로그인
2026-07-15 05:15:04,미니,Android,2019-08-24 22:02:58,1,"Google 사용자","지문인증하면 키쌍검증에 실패하였습니다. 6003 나옴 왜이러죠?",로그인
2026-07-15 05:15:04,미니,Android,2019-08-21 04:24:00,1,"Google 사용자","완전 최악ㅋㅋ 이것도 와파안키면 실행안됨 개느림 lte데이터 다쓴 사람은 서러워 살겠나 걍 카톡으로 주거래은행 바꾸던가 해야지..",이체/거래
2026-07-15 05:15:04,미니,Android,2019-08-12 11:41:02,2,"Google 사용자","공과금 편하게 조회납부했었는데...미니에는 기능이없나봐요? 기존께 오히려 더 편한듯 싶네요ㅠ",기타
2026-07-15 05:15:04,미니,Android,2019-08-12 05:56:00,1,"Google 사용자","공인인증서 타행등록안됨 혈압올라뒤질것같음",인증/보안
2026-07-15 05:15:04,미니,Android,2019-08-11 06:13:11,1,"Google 사용자","여러계좌이체 안됨. 오티피 번호 안맞는다며 자꾸 에러남. 한계좌이체는 됨. 이전 앱과 유사한 UI로 익숙한 느낌과, 일반 기업은행 앱보다 시작이 간단해서 설치 했으나 사용에 불편함이 생겨 삭제하고 일반 기업은행 앱으로...",앱 실행/오류
2026-07-15 05:15:04,미니,Android,2019-08-09 01:29:20,1,"Google 사용자","제로...0점",기타
2026-07-15 05:15:04,미니,Android,2019-08-08 06:51:07,1,"Google 사용자","이 앱 이틀 째 못쓰고 있음.. 공인인증서등록이 안됨.. 어쩌자는 건지... 컴으로 이체함... 기업은행 어쩌자는 건지 모르겠네요...",인증/보안
2026-07-15 05:15:04,미니,Android,2019-07-31 08:16:31,2,"Google 사용자","외화업무를 볼수없게 해놔서 불편해요",기타
2026-07-15 05:15:04,미니,Android,2019-07-28 12:35:33,1,"Google 사용자","휙송금 안 되면서 수수료 부담 되는 게 너무 커졌네요. 그 전에는 왜 휙송금 서비스로 수수료 면제 해줬는지 이해가 안 됩니다. 수수료 때문에 너무 불편해서 주거래 은행 갈아타고 싶을 지경이에요. 잘 끄던 휙송금은 왜 없앤 건지;",이체/거래
2026-07-15 05:15:04,미니,Android,2019-07-19 11:23:08,1,"Google 사용자","최악 걍 쓰레기 그 자체",기타
2026-07-15 05:15:04,미니,Android,2019-07-17 05:13:00,1,"Google 사용자","휙송금 다시하게 해줘요 잘쓰고 있었는데 왜없어졌나요.",이체/거래
2026-07-15 05:15:04,미니,Android,2019-07-15 01:29:38,1,"Google 사용자","휙송금 왜 없어진건가요 휙송금 잘 사용하다 기존 이체방식 사용하려니 여러모로 불편하네요 앱때문에 주거래은행을 바꾸는 시대입니다",이체/거래
2026-07-15 05:15:04,미니,Android,2019-07-12 00:13:25,1,"Google 사용자","6자리 휙서비스 광고를 하면서 정작 로그인 휙서비스는 왜 정지시켰나요 그거 하나 편해서 썼더니 이제 안쓸듯",로그인
2026-07-15 05:15:04,미니,Android,2019-07-11 14:44:31,2,"Google 사용자","업데이트후 엄청느려진듯합니다",업데이트 불만
2026-07-15 05:15:04,미니,Android,2019-07-06 10:25:25,2,"Google 사용자","새로나온앱이, 폰두개쓰는데 다른한폰으론조회도못하니 이거겨우깔았는데..무튼새로나온앱 수정안하면 그걸로 기업은행망할듯 싶음",기타
2026-07-15 05:15:04,미니,Android,2019-07-02 12:37:04,1,"Google 사용자","진심 개불편함 안쓴다",기타
2026-07-15 05:15:04,미니,Android,2019-06-16 23:57:18,1,"Google 사용자","신용카드 선결제 가능하게 해주세요!!!!",이체/거래
2026-07-15 05:15:04,미니,Android,2019-06-06 00:56:04,1,"Google 사용자","느려터짐",속도/성능
2026-07-15 05:15:04,미니,Android,2019-05-15 14:17:12,1,"Google 사용자","앱꺼도 v3계속 활동중이네 고처줘",기타
2026-07-15 05:15:04,미니,Android,2019-05-11 11:00:52,2,"Google 사용자","타행인증서 등록했는데 왜자꾸 등록하래는거냐..??? 로그인이 안되서 못쓰는중 개그지같다",로그인
2026-07-15 05:15:04,미니,Android,2019-04-19 09:46:49,1,"Google 사용자","ㅋㅋㅋㅋ. 어이 없는어플이다. 미니라고 해서 속도라도 빨라진건가 했더니, 기능은 없는데 속도도 느린거 그대로임.. ㅋㅋㅋ 아 정말 어플좀 제대로 맘드세요.. 공인인증서 안쓰고 빠른 모바일 어플도 많은데 언제까지 이딴 어플이나 만들건지 궁금하네요.",인증/보안
2026-07-15 05:15:04,미니,Android,2019-03-24 02:33:06,1,"Google 사용자","니들은 그냥 앱만들지마라;; 쓰질못하자나",기타
2026-07-15 05:15:04,미니,Android,2019-03-23 15:23:11,1,"Google 사용자","점검이 너무 오래걸리네요",기타
2026-07-15 05:15:04,미니,Android,2018-12-01 01:50:49,1,"Google 사용자","일정금액 이하는 생체인식만으로 송금 할 수 있도록 해주세요 타 은행 어플은 쉽고 빠른데 이건 너무 불편하네요",이체/거래
2026-07-15 05:15:04,미니,Android,2018-11-06 03:49:59,1,"Google 사용자","힘들다",기타
2026-07-15 05:15:04,미니,Android,2018-10-27 22:22:37,1,"Google 사용자","짜증나!!왜자꾸기능바꾸느라헷갈리게해요?우리같이나이든사람들좀생각해서선택으로하던가?겨우익숙해지려면알지도못하는용어로설명해놓고 ...이기능은연세있는사람들도사용하니자꾸변하는거싫다구 ...",기타
2026-07-15 05:15:04,미니,Android,2018-08-23 17:59:15,1,"Google 사용자","갑자기 폰트크기가 커지고 해상도가 낮아져서 불편해요 다시작게 바꿔주세요",기타
2026-07-15 05:15:04,미니,Android,2018-07-31 04:55:45,1,"Google 사용자","넽.워크연결이 안되었다고 나오네요.",기타
2026-07-15 05:15:04,미니,Android,2018-05-16 09:24:01,1,"Google 사용자","망할 앱. 로그인 하려고 공인인증서 타행기관에서 가져오기 하는데 QR코드는 인식 불가고 방금까지 국민은행에서 잘만 로그인 했는데 인증서  없다고 만들라고 해서 만들려니까 이미 타행에서 쓰는 인증서 있다고 하고 어쩌라는건지 매우 짜증나고 거지같음",로그인
2026-07-15 05:15:04,미니,Android,2018-05-02 13:43:49,1,"Google 사용자","타행 타기관 인증서 등록시 인터넷뱅킹을 신청해야 한다는데 그거 신청했을정도면 이미 로그인 끝났겠죠. 일하느라 은행 갈 시간도 없는데  이제와서 인터넷 뱅킹 신청하려면 또 방문해야 할태고 것참 쓰기 더럽게 불편하네요",로그인
2026-07-15 05:15:04,미니,Android,2018-05-02 11:45:46,1,"Google 사용자","앱이 쓰레기.... 하...기업은행 바꾸든가 해야지..",기타
2026-07-15 05:15:04,미니,Android,2018-03-26 05:24:46,1,"Google 사용자","s9+ 사용자입니다 스크롤바 내리면 튕기듯이 반대로 움직이네요 굉장히불편합니다",앱 실행/오류
2026-07-15 05:15:04,미니,Android,2018-02-27 13:48:46,2,"Google 사용자","설치중이라하고 계속 멈춰있음 삭제는 잘못하겠음",기타
2026-07-15 05:15:04,미니,Android,2018-01-29 08:00:34,1,"Google 사용자","위변조 검증 실패로 로그인을 못합니다 방법도 없이 어쩌라는건지요??? 별하나도 아깝습니다",로그인
2026-07-15 05:15:04,미니,Android,2018-01-08 05:30:00,1,"Google 사용자","타행인증서 인증받는데 그인증서로 로그인하라함. 근데 등록안되있다고 로그인 안됨. ㅇㅉㄹㄱ",로그인
2026-07-15 05:15:04,미니,Android,2018-01-04 22:50:00,2,"Google 사용자","제가 폰이깨져서 화면이 잘 안보여서 가로로 회전시켜서 사용하는데 화면자동회전이안되네요.. 가로로도 회전해서 볼수있게해주세요",디자인/사용성
2026-07-15 05:15:04,미니,Android,2018-01-02 23:36:51,2,"Google 사용자","이번에 공인인증서를 갱신해서 타행공인인증서를 등록해서 사용하는데 앱을 실행하고 로그인을 하려고 하면 공인인증서가 없다고 나오네요. 다른 은행 앱을 실행하면 공인인증서가 나오는데 말이죠. 이게 웃기는 게 다른 은행 앱을 먼저 실행해 보고 나서 기업은행앱을 실행하면 공인인증서가 보인다는 거예요. 이 앱을 사용하려면 타 은행 앱을 실행했다가 종료하고 이 앱을 사용해야 하는 번거로움이 있네요. 댓글을 보면 타행인증서에 대한 불만이 많던데 해결 의지가 앖나봐요?",로그인
2026-07-15 05:15:04,미니,Android,2017-12-28 13:13:35,1,"Google 사용자","타행 공인인증서를 씁니다. 갱신해서 새로등록하려고 앱의 인증센터에 타행등록에 가면 인증서비번누른 다음.. 로그인을 하라고 합니다ㅡㅡ 아니 지금 그거 로그인할 공인인증서 등록중인데 로그인을 어떻게 합니까? 지문 간편 원아이디 다없구요 그거마저 새로등록하려면 다공인인증서 통해야되는데.. 지금 그 공인인증서 등록하려고한다구요 왜자꾸 로그인하라고해요? 이거 로직자체가 잘못됐어요. 다른 은행어플 아니아니 상식적으로 생각을해보세요. 인증서등록하려고하는데 인증서로 로그인하라니요 ㅡㅡ",로그인
2026-07-15 05:15:04,미니,Android,2017-12-18 13:08:45,1,"Google 사용자","노트4로 지금까지 지문인식 잘 썼는데 없어졌네요? 그리고선 지원기종이 아니라네요? 뭔 개같은경우죠?",인증/보안
2026-07-15 05:15:04,미니,Android,2017-10-18 12:02:14,1,"Google 사용자","갑자기 네트워크가 연결 않됬다네요? 와이파이 다뜨는데도 않되서 lte로해도 않되네요 왜그렇죠??",기타
2026-07-15 05:15:04,미니,Android,2017-10-08 11:06:00,1,"Google 사용자","다른분들이 왜 다들 저렇게 얘기 하는것에 이해가 가고도 남는다.UI도 무슨 응답하라 시리즈도 아니고 이런걸 쓰라고 앱으로 만들었단 자체에 실소를 금할수 없었고 TV광고에만 올인하지 말고 인터넷,모바일 뱅킹에 관심을 가져야 할걸로 보인다.    고객들은 자연스레 다른은행과 비교를 하게 된다.인터넷 뱅킹 에서도 두말하면 입아플 정도이다.공기업 은행으로서 한마디로 복지부동 대충 넘어 가려는 은행    액티브에 관해서도 최고 뒷쳐진 은행 이고 말한들 뭐하랴 마는 개선은 전혀 없다.       그냥 벤치를 하던지 똑같이 따라라도 하던지 ...정신들 좀 차리세요?                       저도 아랫분 처럼 별 하나도 아까움",디자인/사용성
2026-07-15 05:15:04,미니,Android,2017-09-28 05:35:33,1,"Google 사용자","어제까지 잘 되다가 오늘 비번입력했는데 정상적인앱이 아닙니다 라고 에러가 뜨네요 어떻게 쓰라는거지...",앱 실행/오류
2026-07-15 05:15:04,미니,Android,2017-09-07 07:26:56,1,"Google 사용자","별로다",기타
2026-07-15 05:15:04,미니,Android,2017-08-21 03:39:45,1,"Google 사용자","공인인증서 비밀번호가 에러가 남. 이때까지 잘 되다가 또 안됨. 전에도 똑같은일이 있었음. 제거하고 다시 설치해도 안됨. 할수없이 pc로 계좌이체 했음. 정말 짜증 남.",로그인
2026-07-15 05:15:04,미니,Android,2017-07-31 01:28:55,1,"Google 사용자","타행 인증서 갱신후 등록하는데 마지막에서 안넘어가요. 하루종일 시도하다가 월요일날 상담원과 상담하니 기본앱을 깔라고함. 기본앱만 인증서 갱신된것 등록 완료 되네요. 미니 왜 만든건가요? 인증서 등록 안돼면 아무 업무도 못 하는데 진짜 개 빡치네. 앱 하나만 잘 만들어 두면되지 사람 번거롭게 핸드폰 문제라니 공인인증서가 문제라니 아주 개 빡치게하네.",인증/보안
2026-07-15 05:15:04,미니,Android,2017-07-27 02:22:37,1,"Google 사용자","아 ㅡㅡ타행인증서등록을 몇번을해도 마지막에 등록에서안넘어감 도대체쓰라고만들어논건지 장식용으로 만들어논건지모르겟네 쓰지도못할거 뭐하러만듬",인증/보안
2026-07-15 05:15:04,미니,Android,2017-07-20 12:14:42,1,"Google 사용자","여러은행이용해보았지만 어플로회원가입도안되고 쓰레기인듯",기타
2026-07-15 05:15:04,미니,Android,2017-07-19 13:07:10,2,"Google 사용자","v20이면 지문인식이 충분히 가능하고 다른 은행어플에서는 사용중인데 여기는 왜 안되는거죠? 빠르게 수정 바랍니다.",인증/보안
2026-07-15 05:15:04,미니,Android,2017-07-10 11:58:55,2,"Google 사용자","g5 지문인증 서비스 언제 됩니까?",로그인
2026-07-15 05:15:04,미니,Android,2017-07-06 08:02:02,1,"Google 사용자","V20유저입니다 다름이아니라 제 기기가 지문인식이 불가능하다고 알림메시지를 받았는데 출시된지 얼마안된 폰이라지만 IBK를 애용하는 사람으로서 조금은 아쉬움이 느껴졌습니다 옆동네 어플은 벌써 되는데 저희 IBK도 얼른 V20도 지문인증이 될 수 있게끔 적용해주셨으면 좋을것같습니다 수고많으십니다! 우선은 조금 더 쓰면서 기다리겠습니다",로그인
2026-07-15 05:15:04,미니,Android,2017-07-01 18:16:02,1,"Google 사용자","PC에서 스마트기기로 공인인증서 내보내기 하는데 계속 해서 12자리 인증번호 입력해도 승인이 안나서 제자리 걸음임. 결국 내보내기 지체가 안됨. 개열받아",인증/보안
2026-07-15 05:15:04,미니,Android,2017-06-27 11:06:42,1,"Google 사용자","아니 같은 지문을 앱이 까먹나요? 며칠 지나면 되던 지문도 일치 하지 않는다고 사람 귀찮게 하네요",인증/보안
2026-07-15 05:15:04,미니,Android,2017-06-27 06:11:10,1,"Google 사용자","왜 바이오인증이 사라졌을까요 핸드폰 기종은 P9 플러스 입니다",기타
2026-07-15 05:15:04,미니,Android,2017-06-26 13:35:55,1,"Google 사용자","타행 공인인증서 인증할라고 비밀번호 제대로 눌렀고만 왜 안넘어가요?? 나라사랑 카드라 신검때 거기서 등록하는데 안돼서 집에서 하라는데 집에서도 안되고 어쩌라는겁니까;;",로그인
2026-07-15 05:15:04,미니,Android,2017-06-16 11:36:35,1,"Google 사용자","업데이트면 좋아져야 하능거 아니에요? 맨 처음 나올때가 재일 빠르고 갈수록 느려지더니 이젠 공인인증 로그인후 30초이상 동그라미만..  같은 기능만쓰는데 은행 혼자 무당집마냥 덕지덕지 쓰잘데 없는 기능 붙이네",로그인
2026-07-15 05:15:04,미니,Android,2017-06-13 07:12:14,1,"Google 사용자","진짜 별로네요 ㅡㅡ",기타
2026-07-15 05:15:04,미니,Android,2017-05-16 06:21:13,1,"Google 사용자","기업은행 최악이다 정말. 개인사업자로 정보 입력했더니 자꾸 개인란에 정보가 없다고 떠서 개인이랑 사업자랑 전부 정보 입력하고 다음으로 넘겼더니 없는 정보란다. 왜 개인사업자로 등록이 되지 않는지? 기업은행 마음에 드는게 하나도 없다. 진심 다른은행으로 옮겨야겠단 생각 뿐..",기타
2026-07-15 05:15:04,미니,Android,2017-05-10 02:17:34,2,"Google 사용자","이거 왜 스마트폰-&gt;pc로 내보내기 할때 오류메세지로 인증서내보내기에 실패하였습니다라고 뜨는데  이거 앱자체의 문제인가요 ? 하라는대로 다했는데 저렇게 자꾸 뜨고 안되네요 혹시 안드로이드버전이랑 관련있나요 지금 스마트폰 버전이 누가인데",앱 실행/오류
2026-07-15 05:15:04,미니,Android,2017-05-04 04:03:02,1,"Google 사용자","최악..업뎃후 지문인식서 로딩..안넘어가짐 이체도못하고 필요할때 참으로..머시기한앱임..기업은행갈려다.걍버리고 딴데로갈아야지원..",인증/보안
2026-07-15 05:15:04,미니,Android,2017-04-20 02:29:47,2,"Google 사용자","업데이트하고 열기하니까 초기화면만 열렸다가 계속 다운되자나요 ㅡ.ㅡ",앱 실행/오류
2026-07-15 05:15:04,미니,Android,2017-04-06 12:10:30,1,"Google 사용자","노트4 도 지문인식 시켜주세요 국민은행은 노트4도 되는데 왜 안되요 기업은행은",인증/보안
2026-07-15 05:15:04,미니,Android,2017-03-31 05:16:59,2,"Google 사용자","핸드폰 V20인데 지문등록 기기가 아니래요...",인증/보안
2026-07-15 05:15:04,미니,Android,2017-03-25 16:55:18,1,"Google 사용자","제 다른 거래 은행인 농협은 노트4도 지문인식 거래를 지원하는데 아쉽네요... 모바일뱅킹의 편리성은 공인인증보다 지문인식이 훨씬 압도적으로 편리하다는건 아실텐데 기업의 노트4 지문 미지원이 계속된다면 사용자편의성을 고려한 농협으로 주거래를 옮길수밖에 없네요",인증/보안
2026-07-15 05:15:04,미니,Android,2017-03-21 12:52:01,1,"Google 사용자","아이디로로그인하려고 비번칠때 키보드 안눌림 ㅡㅡ 그냥삭제합니다 ㅂㅂ",로그인
2026-07-15 05:15:04,미니,Android,2017-02-24 03:55:30,1,"Google 사용자","로그인은 되는데 이체나 조회 할 수있는 큰 목록만 되고 하부 카테고리는 보이질 않아 쓸수가 없네요 한 번 지웠다 다시 깔아도 이러니 왜 앱을 만들었나요",로그인
2026-07-15 05:15:04,미니,Android,2017-01-31 02:04:02,1,"Google 사용자","왜 엘지 지5폰은 지문이 안되나요? 국민 앱은 잘되눈데 ㅜㅜ 이거 좀 수정해주세요 다되게",인증/보안
2026-07-15 05:15:04,미니,Android,2017-01-24 09:31:14,1,"Google 사용자","오버레이?가 자꾸 뜨면서 권한을 안줬다고 안되네요",기타
2026-07-15 05:15:04,미니,Android,2017-01-20 11:33:45,2,"Google 사용자","누가 업데이트후 지문인식이 제대로 인식이 안되고 무조건 실패함",업데이트 불만
2026-07-15 05:15:04,미니,Android,2017-01-20 09:29:27,1,"Google 사용자","은행에선 어플로해라 어플에선 은행가라 빡치게할래?",기타
2026-07-15 05:15:04,미니,Android,2017-01-12 04:09:35,2,"Google 사용자","지문인식이 갑자기 안되고 에러코드9999라고 뜨네요.. 지문해지하고 재등록하려해도 에러코드 뜨구요. 왜이러는거죠",앱 실행/오류
2026-07-15 05:15:04,미니,Android,2017-01-03 07:44:50,1,"Google 사용자","자꾸 네트워크접속불가래요 다른 앱 다되는데..답답해죽겠네 빨리 어떻게 좀 해봐요.",기타
2026-07-15 05:15:04,미니,Android,2016-12-19 13:02:54,1,"Google 사용자","언제 지원되나요???",기타
2026-07-15 05:15:04,미니,Android,2016-12-08 10:49:43,1,"Google 사용자","내가 만드는게 더 잘만들겠다. 어디 누구네 은행들이랑 차이나는거 보소",기타
2026-07-15 05:15:04,미니,Android,2016-11-08 01:56:07,1,"Google 사용자","비밀번호찾기했더니 임시비밀번호가 발급됬다고넘어가는데 임시비밀번호를어떻게 확인해요?",로그인
2026-07-15 05:15:04,미니,Android,2016-10-26 07:10:34,1,"Google 사용자","아니로그인하는데 처리중이라고 기다려달라고만 뜨고 진행이 안되길래 여러번 시도했더니 비밀번호 초과오류 영업점가서 진행하라네요. 이건뭐 진짜 오류메시지도 그지같이 나오고 별한개도 진심 아깝습니다.. 진심.ㅡㅡ 회사 통장만 아니면 통장 바로 해지했을거에요",로그인
2026-07-15 05:15:04,미니,Android,2016-10-24 09:25:33,1,"Google 사용자","왜공인인증서오류뜨는거에요 너무심하네요",앱 실행/오류
2026-07-15 05:15:04,미니,Android,2016-10-18 10:30:17,1,"Google 사용자","저기요 이거 왜이래요 왜 접속이 안되죠? 자꾸 잠시후 하래요",기타
2026-07-15 05:15:04,미니,Android,2016-10-18 09:33:54,1,"Google 사용자","뭐하냐 일안하냐 로그인이안되잖아",로그인
2026-07-15 05:15:04,미니,Android,2016-10-17 23:27:18,1,"Google 사용자","공인인증서 신청할려히니 계석 오류라뜨네요..",앱 실행/오류
2026-07-15 05:15:04,미니,Android,2016-10-03 14:24:58,1,"Google 사용자","제가 예전에 나라사랑 카드를 발급받고 i-one미니에 가입한 후 잔액조회까지 가능했거든요? 그런데 지금 로그인을 하려고 아이디 찾기를 누른 후 회원정보를 다 입력했는데 '인터넷 뱅킹 미가입 고객입니다.' 라고 뜨는데 어떻게 된거죠? 이 카드 계속 사용해도 되는건가요?",로그인
2026-07-15 05:15:04,미니,Android,2016-09-28 06:37:00,2,"Google 사용자","로그인이되질않네요",로그인
2026-07-15 05:15:04,미니,Android,2016-09-24 00:18:12,2,"Google 사용자","LG V10 사용하고 있습니다. 지문 인식 설 정하려고 하는데 지원 않되는 단말이라 나오네요.  다른 어플에선 다 정상적으로 동작되는데  말이죠.",인증/보안
2026-07-15 05:15:04,미니,Android,2016-09-19 12:25:47,1,"Google 사용자","순정롬은 아닙니어서 그런가요 매우빡치네요",기타
2026-07-15 05:15:04,미니,iOS,2022-12-17 23:13:46,2,"지이이이이영","[거꾸로 가는 앱 디자인] 그 전으로 다시 돌려주세여.........",디자인/사용성
2026-07-15 05:15:04,미니,iOS,2022-01-03 03:44:08,1,"ㅋㅇㅋㅁㅁㅇㅇ","[그냥 별로] 아이디도 제대로 못찾게 해놔서 개불편함ㅋㅋ",기타
2026-07-15 05:15:04,미니,iOS,2021-12-06 04:04:03,1,"단거먹으면이아픔","[인류가만들어낸 쓰레기] 거지같네",기타
2026-07-15 05:15:04,미니,iOS,2021-11-30 18:10:33,1,"승까","[이거뭐 인증도 안되고] 이거 쓰라고 만든앱이 아니라 열받으라고 만들었네 은행을 바꿔야겠네 불편해서",기타
2026-07-15 05:15:04,미니,iOS,2021-11-30 17:52:52,1,"거북스프","[왜 바꾼거냐] 그전에 쓰던 어플이 훨씬 보기좋고 편했는데 이따구로 만들어 놧네 심지어 거래내역은 버그땜에 확인도 안됨 왜 퇴보하냐;;;",앱 실행/오류
2026-07-15 05:15:04,미니,iOS,2021-05-12 22:41:31,1,"마오ㅛ어두터터어ㅓㅇ억ㄴ","[공인인증 타행 인증  다 와서  먹통이네요] 타행공인인증 기록 다  등록후  확인하려는데  확인 버튼 클릭이 안됩니다  수번  해봐도  안되요  보안카드 문제인가해서  교체했는데도  안됩니다  수정좀  해주세요 !ㅠ",앱 실행/오류
2026-07-15 05:15:04,미니,iOS,2021-01-25 00:19:21,1,"0개비","[Ars인증부터 오류가 납니다] 혹시나 전화차단목록에 있나 다 취소해보고도 해봤지만 그냥 이 앱 자체가 문제네요. 기본적인 것도 안되면 어따 써먹어야 합니까? 개발하고 직접 써보면 문제가 뭔지 아실텐데요?",앱 실행/오류
2026-07-15 05:15:04,미니,iOS,2020-12-30 01:08:05,1,"011.011","[로그인] 왜 로그인할때마다 장시간 사용이 어쩌구 하면서 끊기죠?  어짜피 다시로그인하는건데? 계속몇번을 그러네요 후",로그인
2026-07-15 05:15:04,미니,iOS,2020-12-17 06:25:27,2,"prkah","[Langauge change???] How to change in English langauge!!!",기타
2026-07-15 05:15:04,미니,iOS,2020-12-14 18:27:12,1,"냉파스","[진짜 개안좋음] 진짜 이 어플 내가 쓰는 은행어플중 제일 겁나 최악이네요 리얼 되는거 하나없고 겁나 복잡하고 안되고 안눌리고 몇번을 인증하고 겁나 짜증나게 만드네요 여기 어플 진짜 최악입니다^^",디자인/사용성
2026-07-15 05:15:04,미니,iOS,2020-11-13 13:56:40,1,"메론레몬메론","[로그인창에서 멈춰서 로그인이 안됩니다] 로그인창에서 멈춰서 로그인이 안됩니다  오류 수정좀 해주세요 제발쫌",로그인
2026-07-15 05:15:04,미니,iOS,2020-09-25 02:46:19,1,"이불밖은-위험해","[타은행 앱을 한번도 이용해본적 없는 사람이 만든것같아요] 디자인도 너무 별로고 비밀번호 입력하면 저 멀리서도 보이게 아주 큰 폰트로 똭똭 입력돼서 참 황당하네요 그리고 국민은행 어플쓰다가 이거쓰니까 너무 답답하고 하나 인증하니까 다른거 인증하라고 하고 에러나서 처음부터 다시하고... 이앱은 왜 만들었는지 사람 화나게 하려고 참을성 테스트하는 앱인가 싶어요",로그인
2026-07-15 05:15:04,미니,iOS,2020-07-04 21:01:49,1,"aylwtl","[아이폰 공인인증서 저장이안되네요] 정말 불편하네요. 공인인증서 로그인하려는데 저장도안되고",로그인
2026-07-15 05:15:04,미니,iOS,2020-06-14 15:28:18,1,"짱남 8272","[진짜 뭐같이 만들어놨네] 왜 기업은행이 다른 은행들보다 뒤처지고 평이 안좋은지 딱 알게 해두는 앱입니다. 최근 기업은행 카드 바꾼거 알림 문자에 누적 금액 이상하게 나와서 내역확인하려고 했더니 진짜 되는거 하나없고 인증만 몇번하고 기존 인증서는 폐지시키고... 신한은행 쏠의 반의반도 안되는 구린 어플이네요. 이 앱 담당자는 좀 직무유기 급이 아닌가 싶은데, 정신 좀 차리세요",인증/보안
2026-07-15 05:15:04,미니,iOS,2020-05-09 00:26:31,1,"끄아아아아아아ㅏㅏ","[쓰라고 만든거 맞아요?] 로그인 지문인식해도 무슨 오류라고 계속 안들어가지고 어플 한번 들어가려면 몇번을 껐다켰다 해야하는건지 ㅋㅋ 쓰라고 만든거 맞아요? 타은행 뱅킹어플 대비 효율성 너무 떨어지고 잘 안쓰게됨",로그인
2026-07-15 05:15:04,미니,iOS,2019-12-29 19:18:42,1,"내스스로","[이딴거 만들시간에] 똥이나 싸라죠",기타
2026-07-15 05:15:04,미니,iOS,2019-11-07 14:48:02,1,"아니시를","[절대쓰지마요] 혈압올라서 못쓰겠네요",기타
2026-07-15 05:15:04,미니,iOS,2019-09-02 06:08:48,1,"ㅎㅇㄷㄴㄹㅅㄱㅈ","[몇달전부터 앱 시작화면이 안뜨네요] 무한 로딩 아예 안되요 아이폰  지우고 깔아도 똑같음",속도/성능
2026-07-15 05:15:04,미니,iOS,2019-08-16 20:02:51,1,"Rinandhye","[이체 버튼을 계속 눌러도 반응이 없네요] 기업은행 앱 너무 불편합니다",이체/거래
2026-07-15 05:15:04,미니,iOS,2019-08-12 19:40:10,1,"Juneeyah","[잘쓰던 휙송금 왜 없앤거죠...?] 이거 아님 켤일도 없는데 그걸 없애버리네요 하... 일부러 열받게 하려고 그러는건가",이체/거래
2026-07-15 05:15:04,미니,iOS,2019-07-14 00:49:48,1,"댓글거의안다는사람","[카드조회 하니까] 무슨 오류떴다고 다시시도 하라고 몇번이나 뜨네요 은행가서 직접 발급받을랍니다",앱 실행/오류
2026-07-15 05:15:04,미니,iOS,2019-07-13 01:11:32,1,"먕근","[새로나온거못써서다시이거하려하는데] 공인인증서도안먹고ㅅㅂ 새로나온거ㅈㄹ느리고조회도느리고짜증나는데 이것때문에 카드도바꿔야하나 카드바꾸면 가스전기 집요금 폰요금 다기업은행연동했는데 애초에기업은행카드ㅅㅂ만들지말껄ㅈ같네진짜",인증/보안
2026-07-15 05:15:04,미니,iOS,2019-07-12 02:32:05,1,"초밥마왕","[서비스] 아이디 찾기인데 아이디를 안알려주면 뭐어떻게 하라는겁니까  군인 입장에서 고객센터 상담도못하는데 진짜 심각하게 스트레스받네요",로그인
2026-07-15 05:15:04,미니,iOS,2019-07-11 05:21:02,1,"Donghyul","[로그인 문제] 아니 간편번호 로그인 이용하던 사람인데 공인인증서 등록도 아직 안해놨는데 벌써 막아버리시면 안되죠 지금 계좌 잔액 확인도 못하고 애초에 미리 공지를 해놓으시면 인증서 등록 해놓았을텐데 황당하네요",로그인
2026-07-15 05:15:04,미니,iOS,2019-07-07 02:15:21,1,"던단","[최악의 어플] 별1개도 아깝다 쓰라고 만든건지 보일려고 만든건지 모르겠다 중국어플도 이보다 잘만들겠다 사용자체가 안되게 만들었다",기타
2026-07-15 05:15:04,미니,iOS,2019-06-24 19:39:39,1,"BAMBOOMONSTER","[없어지나요 이것도] 뭔 갑자기 새로 어플받으라고...... 이것도 사라져요?",기타
2026-07-15 05:15:04,미니,iOS,2019-06-10 22:14:41,1,"퀙","[천원 결제되었어요] 어떻게 된건가요? 취소해주세요!!",이체/거래
2026-07-15 05:15:04,미니,iOS,2019-05-04 22:36:55,1,"텐엑스","[페이스아이디] 어디로 사라짐? 개선이라더니 퇴보하네....",로그인
2026-07-15 05:15:04,미니,iOS,2019-04-30 07:35:06,1,"Minqne","[페이스아이디 및 지문인식] 기능개선이라는데 페이스아이디 지문 인식  사라짐",로그인
2026-07-15 05:15:04,미니,iOS,2019-03-12 01:14:10,1,"쟝이다요","[문의합니다] 타은행인증서등록하려고 들어가니ars인증하고나서 otp입력하고 다음단계로 넘어가는 버튼이안눌러져요 어플껐다켜도그렇고 핸드폰을다시 켜도그런데왜그런거죠? 은행이용을 못하고있어요ㅡㅡ 핸드폰산지 얼마되지않아서기계문제는아닌듯한데요",인증/보안
2026-07-15 05:15:04,미니,iOS,2019-02-27 01:32:05,1,"자운뎅","[타행기관 인증서 등록안되네요] 타행기관 인증서 등록안되네요 이럴거면 모하러 만든건지....",인증/보안
2026-07-15 05:15:04,미니,iOS,2019-02-24 16:13:43,1,"eishd","[공인인증서 등록이 안됩니다] 타행 발행 공인인증서 등록 화면에서 최종확인버튼이 눌리지 않습니다... 확인바랍니다 아이폰xr입니다",인증/보안
2026-07-15 05:15:04,미니,iOS,2019-02-06 09:31:50,1,"ㅎㅎ헿","[쓰라고 만든건지] 타행인증서 등록 왜 안해줘여 ㅋㅋㅋㅋㅋ 증는흐나",인증/보안
2026-07-15 05:15:04,미니,iOS,2018-12-02 03:54:31,1,"은행냄새","[One로그인] 아니 원로그인 아이디 찾으려고 아이디찾기에서 개인정보치고 들어가니까 아이디14개중에 앞에 3개 알려주면 어떡하라고",로그인
2026-07-15 05:15:04,미니,iOS,2018-10-23 22:13:10,2,"지뚱23","[아이폰x 이용자를 위한 안면인식] 안면인식 기능 빨리 넣어주세요 매번 공인인증서 암호 치기 귀찮아요 ㅠㅠ",인증/보안
2026-07-15 05:15:04,미니,iOS,2018-10-09 19:13:12,1,"ㄹㄹㄹㄹㄹㄹ쁄","[텆치가 안됨] 미니라고 해서 신나게 받았는데 결국 인증서 등록 과정 5번 하다가 빡쳐서 걍 일반어플 받아요ㅋ",인증/보안
2026-07-15 05:15:04,미니,iOS,2018-09-30 22:18:43,1,"재미재미재미짐누엍","[지문 등록을 대체 몇번을 해야합니까] 분명 등록 해놓은 지문도 며칠 있으면 없다하네요 5일에 한번은 지문을 재등록 하는데 진짜 이렇게 어플 만들거면 쓰지 말라는 거 아닌지",인증/보안
2026-07-15 05:15:04,미니,iOS,2018-08-10 01:27:55,1,"기업은행전","[어플을 사용하란건지? 궁금하네요] 가입다하고등록다하고 나니깐 로그인자체가 안되고  아이폰이여서지문등록후 하는데 지문하는창도 뜨지도 않고 어플을 사용하라는건지아니면 다른어플을사용하라는건지 잘모르겠네요",로그인
2026-07-15 05:15:04,미니,iOS,2018-08-01 05:13:30,1,"ㅠ어댱ㅍ나덜","[아니 인증서는] 인증서를 타행거라고 복사를 안해주는거냐 어플이 먹통인거냐 무슨 은행업무를 시작도 못하게하네 장난하는것도 아니고 직원들한테 실적 올리라고 닥달하지말고 어플관리나 좀 잘해라",앱 실행/오류
2026-07-15 05:15:04,미니,iOS,2018-07-27 01:52:30,1,"코멘트서치","[로그인할때 지문인식이 아예 뜨질 않습니다] 지문 재등록도 해보고 껐다 켜보기도했는데 지문인식 창이 뜨지도 않고 되지도 않아요",로그인
2026-07-15 05:15:04,미니,iOS,2018-07-11 08:51:47,1,"Ming_블리","[구매목록삭제 부탁해요~] 구매목록삭제 부탁해요~",기타
2026-07-15 05:15:04,미니,iOS,2017-11-20 22:02:28,1,"강탄소년단","[구매 목록 삭제 부탁드립니다] 구매 목록 삭제 부탁드립니다",기타
2026-07-15 05:15:04,미니,iOS,2017-07-31 19:46:52,1,"당근 돌아","[app이 자꾸 죽네.  아이폰까지 강제로 리부팅 시킴 ㅎㅎ] 얼마나 삼류 은행인지? 은행가서 아이폰 6에서 자꾸 죽어서 아이폰 7로 바꾸고 사용하는데도.  앱이 실행후 앱이 없어지거나 아이폰이 리부팅됨. ㅎㅎ 대단해. ㅎㅎ 이런 게 학생 습작용이냐? 기업용이냐?  우선, ibk 개인용 앱은 아주 잘 동작함. 앱이 튀기거나 리부팅 되는 경우가 없음 , 센터에 전화 하라고요? 전화하니 사파리에서 캐쉬 지우고 새로 설치 하라고요? 다 해봄.  와이파이든 lte 든 5번 하면 한번 정고 성공함.  이게 앱인지?   무능한게 아닌지?  특정 폰 문제? 위에 글쓴것 처럼 iphone 6/7 공통 현상임.  왜 개인용 앱은 잘되고?? 기업앱만 문제 일까요?",기타
2026-07-15 05:15:04,글로벌,Android,2024-08-25 03:20:32,1,"SC Yang","해외계좌는 사용 못하나요? 베트남 IBK계좌를 사용해야하는데 국내 계좌만 표시되네요. 해외계좌는 사용 못하고 국내 계좌만 표시되고 사용되는거면 이게 무슨 글로벌 어플인지 모르겠네요?",이체/거래
2026-07-15 05:15:04,글로벌,Android,2021-12-06 05:15:22,1,"김명희","탭 에서 안열리네요",기타
2026-07-15 05:15:04,글로벌,Android,2021-05-12 00:15:10,2,"김명희","이거지금 앱 사용 안되나요? 설치했는데 어플이 아예 안열리네요.. 뭘가요?",기타
2026-07-15 05:15:04,글로벌,Android,2021-02-19 08:43:28,1,"라라","삭제했는데 아이콘 왜 안없어져요?ㅡㅡ",기타
2026-07-15 05:15:04,글로벌,Android,2021-01-26 23:08:52,1,"김승원","안드로이드 11버전에서 앱구동이 안됩니다.",기타
2026-07-15 05:15:04,글로벌,Android,2020-12-18 12:38:51,2,"이철호","한글이 없어 불편하다.",기타
2026-07-15 05:15:04,글로벌,Android,2019-08-02 17:15:57,1,"Google 사용자","한글지원",기타
2026-07-15 05:15:04,글로벌,Android,2019-05-30 02:18:43,1,"Google 사용자","ㄷㅡ든",기타
2026-07-15 05:15:04,글로벌,Android,2016-11-10 22:59:23,1,"Google 사용자","IBK ONE BANKING GLOBAL 다국어 지원 인데 한국어만 속 빠져있는데 한국어 지원해주세요. 기업은행 앱들은 전부 SD 지원을 안해주시는데  SD 지원좀해주세요. 보안 문제 때문에 SD 지원을 안해주시는거면 타은행들은 SD 지원해줘도 아무 문제없이 잘 사용하고 있습니다. 모델명: SAMSUNG  Galaxy  Tab A6 (SM-T280) 안드로이드 버전: 5.1.1 입니다. 수고하세요.",기타
2026-07-15 05:15:04,글로벌,Android,2016-09-02 06:57:16,1,"Google 사용자","주거래 은행을 포기해야겠군요...",이체/거래
2026-07-15 05:15:04,글로벌,Android,2016-06-16 16:47:59,1,"Google 사용자","갤럭시탭 호환 좀 되게 해주시거나 태블릿버전 앱좀 개발해주세요. 하나은행,신한은행,국민은행,우리은행은 물론이거니와 SC제일은행,씨티은행 마저 갤탭 호환이 되는데 기업은행 앱 쓰게해주세요",기타
2026-07-15 05:15:04,글로벌,Android,2015-11-28 19:16:12,1,"Google 사용자","탭에 한국버전안깔려서 요걸로 입출금 볼수있어여. 혹시나깔았더니 참나",이체/거래
2026-07-15 05:15:04,글로벌,Android,2015-11-21 02:21:30,1,"Google 사용자","탭이 기기와 호환이 안됀데서 설마설마 하고 이거 깔앗는데.. 주거래은행 갔다바꿔버리고 싶음 ㅉ",이체/거래
2026-07-15 05:15:04,글로벌,Android,2015-11-18 06:41:36,1,"Google 사용자","기업은행 앱개발자는  뭐하나요? 한국어버전 개인뱅킹을 안드로이드태블릿에서는 사용못하게 해놓고! 근데 외국인은 안드로이드 태블릿에서도 사용하게 어플을 따로 만들었네? 언어만 한국어를 하나 추가하면 문제가 해결될거 아니냐구욧!",기타
2026-07-15 05:15:04,글로벌,Android,2014-11-27 03:55:21,1,"Google 사용자","폰이 해외모델입니다. 실행하면 해외모델은 고객센타에 모델명 알려주면 빠르게 처리해준다는 문구가 있던데... 고객센타도 모르더군요. ㅡㅡ; 추가부탁합니다 제조사chuwi 모델명vx3 해상도 w1200 h1920",기타
2026-07-15 05:15:04,글로벌,Android,2014-02-11 21:34:16,1,"Google 사용자","지원해주세요.",기타
2026-07-15 23:58:20,개인,iOS,2026-07-13 08:48:11,1,"the most commonly used","[제발...어플 좀 빨리 열리게] 제발좀 이어플 다시 만들어 줘요 ibk 요것만 안들어감 들어가는 시간이 오래걸림...  이전처럼 다시 잘 열리게   도와주세요...제발요 제발좀요  기업은행만 잘 안열림요  제발 신한어플처럼  빠르게 다시  만들어줘요....  제발좀 이어플 다시 좀 만들어 줘요",기타
2026-07-15 23:58:20,개인,iOS,2026-07-12 20:00:13,1,"혀혀혀요","[바이오 인증 오류가 너무 잦다] 어떻게 만들었길래 바이오인증이 계속 오류가 나는 지 화딱지가 나네요. 바이오 인증 좀 점검하세요",앱 실행/오류
2026-07-15 23:58:20,개인,iOS,2026-07-12 18:11:01,1,"망할짜증남","[어플 업데이트후 연결이 안됨] 어플이 압데이트 이후 잘 들어가지도 어플이 화면이ㅜ백색화면으로 도니채 연결도 안된다.",업데이트 불만
2026-07-15 23:58:20,개인,iOS,2026-07-08 05:20:42,1,"후니 양천","[계속 네트워크 느린 탓 할래?] 어플 지웠다가 다시 깔아도 신분증 인증에서 먹통... 진짜 요즘같은 시대에 이런 어플 상태라니... 빨리 이슈 찾아서 해결하세요. 아이폰이고 ios버전 17.6.1 입니다. ios버전 낮다고 탓하기만 해봐. 다른 은행어플 다 되는데 기업은행만 이래. 은행거래 종료해버리기 전에 빨리 해결하세요.",앱 실행/오류
2026-07-15 23:58:20,개인,iOS,2026-07-08 01:57:11,1,"😊😊😊😊😊😔😔","[살면서 썼던 은행앱들중에 가장 ㅂㄹ] 뭐 할려고만 하면 맨날 신분증 찍고 과정은 뒤지게 많고 세계최초 대출받다가 포기하게 만드는 앱",신분증인식
2026-07-15 23:58:20,개인,iOS,2026-07-07 16:32:33,1,"아리스망","[아이폰에서 앱 조작 드래그가 안되는] 전체메뉴 드래그 불편해죽겠네요",기타
2026-07-15 23:58:20,개인,iOS,2026-07-05 05:05:47,1,"와우z","[진짜 개빡치네] 몇달전에도 로그인이 오래 걸려서 개선해달라고 리부남겼는데 바뀐게 없네요. 캐쉬삭제, 통신상태, 삭제 후 재설치 이런걸로 해결 안 됩니다. 문제해결을 다른업체에 외주로 맞겨보는건 어떨까요?",로그인
2026-07-15 23:58:20,개인,iOS,2026-07-03 11:29:20,1,"누ㅜ누눈","[페이스 아이디 하니 못찾는 앱] 결제할때는 불 다 끄고있어도 알아서 잘 찾더니 정직 소비자가 필요 할 때는 인식 안된다 하기",이체/거래
2026-07-15 23:58:20,개인,iOS,2026-07-02 17:37:20,1,"12300101","[열받아요] 너무 버벅이고 안들어가지고 멈춰있고 껐다켜도 똑같고 진심 열받아서 핸드폰 부시고싶어요",기타
2026-07-15 23:58:20,개인,iOS,2026-06-30 07:55:20,1,"BullyJoker","[다건 이체 언제 고쳐줄건가요??] 앱 개편되고 처음부터 있던 증상인데 다건 이체에서 즐겨찾기 탭에 있는 항목 체크하면 진행이 안됨. 그리고 계좌가 여러개 있으면 다건 이체에서 처음에 출금계좌 선택하는 단계를 만들어 줬으면 합니다. 출금 계좌 선택 단계가 없으니 고객이 출금 계좌를 확인안하고 다른 계좌에서 계속 출금이 발생하게 됨. 개인은 계좌가 하나만 있다고 생각해서 만든 UX 같은데 기획 다시하고 테스트도 좀 하고 출시하세요.",이체/거래
2026-07-15 23:58:20,개인,iOS,2026-06-30 05:04:47,1,"인생은vㅔ리","[로그인 생체인증 없애라] 싀발 생체인증 ㅈㄴ 안되네 와 만든거고 그냥 계좌인증 하면되는데 이해불가",로그인
2026-07-15 23:58:20,개인,iOS,2026-06-30 00:01:03,1,"wooya17","[앱이 충격적입니다] 계속 랙걸리고 진행이 안되요 쓰레기같은 앱입미다 고객센터 전화해도 해결안됩니다 다른 은행얍들 다 멀쩡한데 진짜 최악입니다",고객센터
2026-07-15 23:58:20,개인,iOS,2026-06-29 04:54:10,1,"걍 할만함","[상품 가입 실행 혼자 로딩되다 비밀번호 1,2,3,4,5회 오류 연속으로 올라가더니 인증서 폐지] 지금 4번째 시도중인데 디버깅좀 해주세요 마지막 화면에서 비밀번호 입력은 뜨지도 않는데 혼자 로딩 돌아가면서 1회 오류입니다 뜨고 확인 누르면 로딩 돌아가다가 2회오류입니다 이런식으로 올라가다가 5회오류 인증서 폐기라는데 어안이 벙벙함",로그인
2026-07-15 23:58:20,개인,iOS,2026-06-29 03:17:54,1,"접스123","[앱 구동 너무 느림] 아이폰17에어 사용자인데 앱을 몇번이나 새로 깔아도 앱 구동이 너무 너무 느려서 사용하기 불편합니다. 개선 좀 빨리 해주세요!",속도/성능
2026-07-15 23:58:20,개인,iOS,2026-06-29 01:15:48,1,"pyoyh","[오류투성이] 다시깔기만 몇번짼지",앱 실행/오류
2026-07-15 23:58:20,개인,iOS,2026-06-28 10:09:37,1,"sopoji","[다크 아이콘 지원좀 합시다] 1금융권 우리 하나 국민은 다 지원해주고 웰컴은 2금융권인데도 지원해주는데 기업은행은 로그인 속도도 느리고 뭔 기본도 안되면 어쩝니까.",로그인
2026-07-15 23:58:20,개인,iOS,2026-06-28 01:27:42,1,"으어아아어어어","[으아] 요즘 어플 잘 안 들어가짐 무한 로딩 아 좀 어떻게 해보세요 속터져죽겠네",속도/성능
2026-07-15 23:58:20,개인,iOS,2026-06-27 19:05:12,1,"넴메메","[개선 좀 해라] 이체받아서 다른은행 이체를 하게 되면 어떤 이유에서 일시적으로 막는지, 언제까지 막히는지 이런것 좀 명시를 하고 막던지해라 진짜  내부오류라고만하고 진짜 쫌 일좀 제대로 해라",앱 실행/오류
2026-07-15 23:58:20,개인,iOS,2026-06-26 03:04:18,1,"아잉ㅇㅇㅇㅇㅇㅇ","[ㅡㅡ] 기업은행어플만 ㅈㄴ느려서 열받아 쓰기싫네 진짜",속도/성능
2026-07-15 23:58:20,개인,iOS,2026-06-24 21:20:48,1,"저리기요","[로딩개김] 아왜케로딩이길어요ㅡㅡ 기다려도 안켜짐요 갱 기업은행에있는 돈 다 국민은행으로 빼고 어플 삭제하겟음",속도/성능
2026-07-15 23:58:20,개인,iOS,2026-06-23 22:49:46,1,"교브냉","[느려터짐] 요즘 들어 너무 느려지고 먹통일 때가 많음",앱 실행/오류
2026-07-15 23:58:20,개인,iOS,2026-06-22 22:43:19,1,"이으이으우어","[무한로딩 너무 심함..] 다른 은행어플은 다 잘되는데 기업은행만 무한로딩 너무심함 적당히 그래야지 몇개월동안 계속그럼",속도/성능
2026-07-15 23:58:20,개인,iOS,2026-06-17 19:06:31,2,"sjw5784","[도약계좌 자세하게좀 나왓으면] 다른곳은 우대 그런거 다나오는데 여긴 기간만 띡",이체/거래
2026-07-15 23:58:20,개인,iOS,2026-06-11 20:58:52,1,"데이터오류?","[데이터 사용시 앱 안들어가짐] 요 최근부터 이상하게 데이터 5g를 사용할때 앱이 아예 안들어가져요 로딩만 하고 기종은 아이폰17프로이고 5g무제한입니다 와이파이로 연결했을땐 잘됩니다 오류 해결좀요 lte로도 해봤는데 안됨",앱 실행/오류
2026-07-15 23:58:20,개인,iOS,2026-06-06 21:47:08,1,"용덕호","[카메라 접근설정] 신분증 제출을 위해 카메라 접근허용을 해달라는데 설정에서 카메라 접근허용 설정이ㅜ없는데 어쩌라는건가요?",신분증인식
2026-07-15 23:58:20,개인,iOS,2026-06-04 05:12:15,1,"^_~v","[신분증 인식2] 핸드폰 바꾸고 한 달 째 신분증 인식 못 하는 앱 때문에 기업은행 이용 못 하는 중^^ 다른 은행을 좀 참고하길 신분증 인식 안되면 모바일신분증을 만들어야 하는데 누가 번거롭게 주민센터 찾아가서 돈 내고 만들어서 앱을 사용하냐고요 다른 은행은 다른 계좌 인증을 통해서 본인 인증 가능하듯이 다른 방법을 추가하던지 신분증 인식 좀 잘 되게 개선하세요 제발 쫌!!!!!",신분증인식
2026-07-15 23:58:20,개인,iOS,2026-05-26 06:25:38,1,"뭡니까-","[왜이리 느린지..] 느리다는 리뷰가 많은데.. 개선되고 있는걸까요? 삭제하고 다시 깔았는데도 화면 하나 넘어가는데도 왜이리 느린지 아주 속터지네요.",디자인/사용성
2026-07-15 23:58:20,개인,iOS,2026-05-21 08:17:23,1,"저너너ㅡ냡뱌ㅑㅈ","[잘쓰고 있는데 갑자기 회원가입을 하라는건 뭔...] .",기타
2026-07-15 23:58:20,개인,iOS,2026-05-21 07:21:59,1,"슥민ㅇ","[혹시 퇴근 한 후에는 어플 느려지나요?] 딱 댁들 근무시간에는 어플 이렇게 느리진 않던데 퇴근 후에 사용하려고하면 뭔 서버를 하나 돌리는지 개 쳐 느리네 속터지게",속도/성능
2026-07-15 23:58:20,개인,iOS,2026-05-20 14:55:36,1,"wimaxche","[정말 한심하네요] 신분증 인식도 못하고, 자판 숫자 못쓰고. 웬만하면 쓰지마세요. 아이폰은",신분증인식
2026-07-15 23:58:20,개인,iOS,2026-05-20 04:13:02,1,"어휴증맬","[오잉 언제 바꾼거지] 예전게 더 예뻤는데… 파란색 국민은행앱같아요ㅠ",기타
2026-07-15 23:58:20,개인,iOS,2026-05-14 19:00:23,1,"chejnfj","[앱 개느림] 현존하는 뱅킹앱중 제일 느림 한국에서 영업하는 은행어플이 이따위로 만들면 어떡해요? 계좌 조회 하려고 어플 들어가는거도 2-3분씩 걸리게 하는게 말이 됩니까? 캐시 다 지우고 생쇼해도 똑같고요 네트워크 환경 개빵빵한데서 해도 똑같습니다. 진짜 오래동안 주거래였는데 작년부터 어플 개쓰레기된거보면 그때 뭔가 꼬인거 같은데 수정안하시나요? 쓰잘데기 없는 기능 추가하지말고 안정화나 똑바로 시키세요 어플쓰다가 성격 더러워질거 같으니까",이체/거래
2026-07-15 23:58:20,개인,iOS,2026-05-14 07:22:30,1,"기업은행이용객","[너무 별로임] 개편이후로 너무 별로임  직관적이지도 않고 반응도 너무 느리고 기업은행 15년째 쓰고 있고 지금 운영하는 회사도 기업은행인데 다 바꾸고싶은 마음이 듭니다 너무 별로입니다",기타
2026-07-15 23:58:20,개인,iOS,2026-05-10 17:27:55,1,"도롱뇽23","[신분증촬영 개발자 봐라] 인식이 제대로 안될거 같으면 수동촬영도 넣어둬야지  인식도 제대로 안되면서 자동촬영만 넣어둔건 무슨 깜냥이냐",신분증인식
2026-07-15 23:58:20,개인,iOS,2026-05-09 07:34:57,1,"치즈보","[최악] 그냥최악임",기타
2026-07-15 23:58:20,개인,iOS,2026-05-08 09:20:29,2,"Dmcailonmemay","[너무늘려요] 앱을 들어갈때마다 느리고 계속가리야함 불편해요",기타
2026-07-15 23:58:20,개인,iOS,2026-05-07 05:17:39,1,"그동네그여자","[너무느려요] 최근들어서 로딩시간도 너무 길어지고 너무 불편해요 캐시삭제, 재설치 다했는데도 느려요…. 다른은행어플은 안그러는데 왜그러는건가요?",속도/성능
2026-07-15 23:58:20,개인,iOS,2026-05-07 04:56:31,1,"t alk 5479 ,","[아이패드로 로그인을 못함] 아이패드에 설치했더니 로딩도 느리고 계속 확인불가기기라고 뜨고 진행이 안됨",로그인
2026-07-15 23:58:20,개인,iOS,2026-05-04 08:28:23,1,"바우허","[어플 켜지는데 한세월] 겨우 켜져서 이체 할라고 눌렀더니 하얀화면 이후 먹통 5시간째 반복중 ㄷ ㄷ",앱 실행/오류
2026-07-15 23:58:20,개인,iOS,2026-05-04 06:23:29,1,"지구를지키자유","[문자로 인증번호가 안 와요] 문자로 인증번호가 안 와서 미치겠어여",기타
2026-07-15 23:58:20,개인,iOS,2026-05-04 00:29:48,1,"cdma1122","[진짜 느려] 한번 바뀌고 나니깐 엄청 느리고 안열리고 업무를 보는데 답답해요 왜이렇게 변한거예요? 그리고 다건이체도 계좌번호만 보이고 이름들 안 보이고 계좌번호 하나하나씩 다 기억해서 선택해야하니 답답하네요 변했어요 이상해요 왜이래요",이체/거래
2026-07-15 23:58:20,개인,iOS,2026-05-02 18:15:43,1,"Sssssie","[어플 안열림] 진짜 리뷰 잘 안다는데 네트워크 문제가 생겼다면서 며칠 째 어플이 안열리네요 은행 업무 하나도 못보고있어요",기타
2026-07-15 23:58:20,개인,iOS,2026-05-02 10:48:34,1,"달달한쵸코우유","[실물 신분증 인증 참 뭣같이도 만들었네] 얼굴이랑 정보가 제대로 보여지는 상태에서도 빛이 조금 반사된다며 인식이 안되는건 대체 무슨 방침임? 다른 앱들에 비해 인식률 너무 떨어지는거 같음. 예전엔 이정돈 아니었던거 같은데, 앱 리뉴얼 되면서 정책이 바뀐걸까..? 30분 넘게 시도해보다 쌍욕나와서 악플쓴다 진짜",신분증인식
2026-07-15 23:58:20,개인,iOS,2026-04-30 20:07:27,1,"Kfjflfsv","[앱 안열림] 확인해주세요",기타
2026-07-15 23:58:20,개인,iOS,2026-04-29 05:07:48,1,"똠야엉꿍","[너무 느려요] 앱 켜지는데 너무 오래 걸려서 은행업무를 볼수가 없어요",속도/성능
2026-07-15 23:58:20,개인,iOS,2026-04-28 20:42:47,1,"ㅂㅈㄷㄱㅂㅈㄷ","[어플이 열리지가 않아요] 어플안열림",기타
2026-07-15 23:58:20,개인,iOS,2026-04-23 23:31:18,1,"어어누어추어ㅓㅇ어토ㅑ덩","[카드 뱅킹앱 다 안됨] 앱접속하면 ’프록시 사용을 제한합니다 ‘라는 문구가 뜨고 앱 실행이안됨 와이파이끄고 들어가도 안되고 프록시끄고 들어가도 안됨 어쩌란거임?",기타
2026-07-15 23:58:20,개인,iOS,2026-04-22 22:08:50,1,"리이스","[너무 불편] 추후 이용의사 없음",기타
2026-07-15 23:58:20,개인,iOS,2026-04-21 00:12:09,1,"Atom2003","[먹통 앱] 예전앱은 오류없이 잘 사용했었는데 최근 업뎃 이후부터는 먹통, 반응느림 등이 심합니다. 이럴때마다 서브 타은행에서 급하게 처리하는데… 자꾸 이러면 메인 은행앱으로 사용하기 힘들어질것 같습니다.ㅠㅠ",앱 실행/오류
2026-07-15 23:58:20,개인,iOS,2026-04-18 07:47:40,1,"나그내임다","[거래내역 파일로 받기 기능 왜 없냐] 거래내역 파일로 받기 기능 왜 없냐",이체/거래
2026-07-15 23:58:20,개인,iOS,2026-04-17 02:03:51,1,"ㅂㅂㄷㄷ","[병신앱 씨발] 병신앱",기타
2026-07-15 23:58:20,개인,iOS,2026-04-15 20:38:23,1,"조파쿠","[몇달째 로그인이 안되요] 어플 켜서 휴대전화 인증 -> 쭉쭉쭉 해서 마지막에 바이오인증 등록하는 단계에 와서 ‘다음에’ 누르면 자동으로 처음 휴대전화 인증하는 화면으로 돌아갑니다 이게 수정이 안된게 몇달째라 기업은행 고객센터에 항의하니 이전 버전 어플 다운받아 쓰라고… 이게 말인지 방구인지 빨리 수정좀 해주세요",로그인
2026-07-15 23:58:20,개인,iOS,2026-04-14 21:55:24,2,"물망초2","[앱 느려짐] 몇달 전부터 사용이 어려울 정도로 느려졌는데 수정은 안하나요? 수십개의 앱 정에 기업은행 앱만 심각하게 느립니다. 로딩만 20초 이상 걸려요",속도/성능
2026-07-15 23:58:20,개인,iOS,2026-04-14 17:46:21,1,"poporeng","[누가개발했냐?] 혈압올라뒤지게할려고 작정함?",기타
2026-07-15 23:58:20,개인,iOS,2026-04-13 05:56:31,1,"클렌징티라미슈","[최악] 여태까지 쓴 어플중에 최악입니다 ㅋㅋ  사람 돌게하는데 재주가있네요  망하세요",기타
2026-07-15 23:58:20,개인,iOS,2026-04-08 18:10:46,1,"구구구두굳두국굳","[쓰래기같은인증기능] 신분증 인식하고 얼굴인증 john나 안됨  개불편",신분증인식
2026-07-15 23:58:20,개인,iOS,2026-04-06 22:15:09,1,"메원소","[개폐급앱] 그냥 가입이 안됨 이런식으로 떨어져나간 고객이 최소 1000명은 넘을듯 ㅋㅋ",기타
2026-07-15 23:58:20,개인,iOS,2026-04-03 18:24:01,1,"설찌2","[신분증인증] 신분증 촬영하는데 전면카메라만되고 후면카메라로 못돌려요;;;;; 전면카메라로 어케어케찍어서 넘어가도 진위확인시간초과됐다면서(금방입력했는데도) 진위확인안됨 어떻게 가입을 하라는건지;;;",신분증인식
2026-07-15 23:58:20,개인,iOS,2026-04-01 05:11:08,1,"dkgkvmfl","[회원가입 시 오류] 회원가입시 계속 어느 단계에서 장시간 사용하지 않아 오류가 발생했다며 진행되지 않음",앱 실행/오류
2026-07-15 23:58:20,개인,iOS,2026-03-31 02:50:15,1,"뭘화수목금요일","[해외차단해제 안돼요] 진입하자마자 메세지 노출후 모바일 신분증 완료까지 했는데 안돼요. 계속 그자리 입니다. 로딩을 하는 중인지 실패인지 알수가 없어요. 모바일 인증만 13번 했어요. 테스트 안하셨나봐요.",신분증인식
2026-07-15 23:58:20,개인,iOS,2026-03-28 21:36:59,1,"솔라🥲","[안면인증 좀 고쳐봐요] 자꾸 안되고 하면 또 사람이 안맞는대 진짜",기타
2026-07-15 23:58:20,개인,iOS,2026-03-27 00:19:29,1,"오늘이라아다우","[아이폰14프로맥스 실행이 안됩니다 해결책있나요?] 해결책 알려주세여",앱 실행/오류
2026-07-15 23:58:20,개인,iOS,2026-03-26 18:59:09,1,"ㅌㄴㄷㅍ포ㅕ","[인증] 신분증 인식이 은행 어플중 제일 인식안됨 그냥 어플자체가 이상함 리뷰같은거 남기지도 않는데 진짜 하도하도 너무해서 남김 개별로임 그냥",신분증인식
2026-07-15 23:58:20,개인,iOS,2026-03-24 20:19:14,2,"toytalez","[아이폰 앱 접속 불가] 안녕하세요. 아이폰 사용자인데 앱 실행 시 처음부터 빈 화면이 나옵니다. 로그인 자체가 안돼 기업은행 앱 설정에서 캐시 삭제가 안되고요. 앱은 여러번 삭제 후 재설치했는데도 안되네요. 해결방법 안내 부탁드립니다.",로그인
2026-07-15 23:58:20,개인,iOS,2026-03-24 19:39:12,1,"톡톡상큼","[어플관련] 앱이 너무 무겁고 용량 많이 차지함",기타
2026-07-15 23:58:20,개인,iOS,2026-03-20 21:14:47,1,"meechang💆🏻","[진짜좃구린은행앱] 이렇게까지 인증이 불편한 은행어플은첨이라 리뷰남김  진짜 망하길 바라면서 인증함..",기타
2026-07-15 23:58:20,개인,iOS,2026-03-20 06:48:17,1,"jjj9u","[화면이 빈화면] 아이폰 자꾸 빈화면만 나와요 고쳐주세요",디자인/사용성
2026-07-15 23:58:20,개인,iOS,2026-03-20 01:48:08,1,"ㅑㅅ엿엿","[업데이트를 한건지 뭔지] 요근래 갑자기 엄청 느려지고 접속이안됨 화면 뜨는데도 한참 걸리고 답답해서 못해먹겠어요 빨리 개선좀 해주세요 캐시삭제해도 똑같아요",업데이트 불만
2026-07-15 23:58:20,개인,iOS,2026-03-19 20:25:30,1,"시발빅","[앱오류] 앱의 문제인데 통신사나 기기 문제라는식으로 대처하는건 뭐죠? 몇년동안 문제없이 사용하다가 갑자기 문구하나뜨고 확인누르면 어플 지맘대로 꺼지는데 통신사 및 기기 문제라고 하는건 무슨 책임감이죠ㅋㅋㅋ?",앱 실행/오류
2026-07-15 23:58:20,개인,iOS,2026-03-19 19:40:08,1,"고장난주전자","[접속 안됨] 며칠전부터 접속 자체가 안되는데 해결은 언제 되는지 피씨 로그인도 폰 어플이랑 연결되어있어서 이체가 불가능한데",로그인
2026-07-15 23:58:20,개인,iOS,2026-03-18 17:49:31,1,"Bak,","[최악] 정말 불편함. 토스가 잘하네",기타
2026-07-15 23:58:20,개인,iOS,2026-03-18 13:39:03,1,"Ttjh224","[오류] 장난하십니까 며칠째 화면뜨지도 않고  하...관리좀합시다",앱 실행/오류
2026-07-15 23:58:20,개인,iOS,2026-03-16 21:37:14,1,"효여니","[외국거주] 외국에서 거주하는데 앱이 너무 무겁습니다. 접속도 늦고 개선 바랍니다",기타
2026-07-15 23:58:20,개인,iOS,2026-03-14 04:18:07,1,"아이폰접속안됨2","[아이폰 접속이 안돼요] 아이폰 접속이 안되는데 ㅠ 언제 고치시죠?",기타
2026-07-15 23:58:20,개인,iOS,2026-03-13 09:26:34,2,"사나이 간다","[친절] 모든걸  서비스 만족",기타
2026-07-15 23:58:20,개인,iOS,2026-03-12 07:58:30,1,"미자뚜","[개쓰레기어플] 오류 겁나 나고 해던짓 반복 하고 탈퇴가 답",앱 실행/오류
2026-07-15 23:58:20,개인,iOS,2026-03-11 02:23:44,1,"콜라0","[빡하면 오류 !!!] 요즘 기업카드어플까지 쌍으로 뻑하면 오류나고 왜그러는거예요!!",앱 실행/오류
2026-07-15 23:58:20,개인,iOS,2026-03-09 19:00:23,1,"도킹킹","[신분증인식이 왜 안되나요] 계속 밝은데서 해라 반사되지 않게해라 진짜 별 방법으로 가져다 대도 인식이 안되요",신분증인식
2026-07-15 23:58:20,개인,iOS,2026-03-05 01:51:53,1,"이하생략","[신분증 인증이 왜 안되죠?] 실물 신분증 인증이 안되요;; 급여용 통장 다시 쓸려고 들어갔는데 인증이 안되서 앱자체를 못쓰는중;; 내꺼가 이상한가 했는데 통장사본 떼러 은행갔더니 오프라인 인증은 또되는데 이거 왜 이런건가요…;;; 아니 월급이 들어와도 쓸수가 없고 이거 하나때문에 신분증 재발급해야하나요. 은행 직원분도 이상하다고만하고 해결방법은 문의해보세요 이렇게만 알려주시는데 어디로 연락드려야하나요!!!",신분증인식
2026-07-15 23:58:20,개인,iOS,2026-03-02 17:13:51,1,"삥빨이","[한국 최악의 앱] 써본 사람은 안다",기타
2026-07-15 23:58:20,개인,iOS,2026-02-27 18:14:10,1,"지혜지혜지혜_6","[인증번호가 왜 자꾸 안와요? 스팸에도 없는데] Kt 알뜰폰(아이폰13pro) 사용자인데 인증번호 왜 안와요?????????????????",기타
2026-07-15 23:58:20,개인,iOS,2026-02-27 07:18:21,1,"업데이트나 버그 수정좀해라","[아이디가 있는데 로그인을 할것이지] 왜 회원가입을 하게 만들고 시간아깝게 왜 ibk만 그럴까여 이러면 ibk직원도 안쓰것네",로그인
2026-07-15 23:58:20,개인,iOS,2026-02-26 01:44:21,1,"ㅇㅁㄴㄷㅇㅌㄴ","[ㅇ] ㅇㅇ",기타
2026-07-15 23:58:20,개인,iOS,2026-02-25 18:04:39,1,"hnszin","[화면이 뜨지않아요] 화면이 왜이렇게 안뜨나요.. 안떠서 다시 재접속해야하는 경우가 너무 많네요ㅠ",디자인/사용성
2026-07-15 23:58:20,개인,iOS,2026-02-25 04:17:49,1,"업뎃제대로해","[바이오 인증이 안되는데요] 바이오 인증 설정 다시 만들어 주세요 어느 순간부터 없어져서 패턴으로 로그인 하는데 상당히 불편함",로그인
2026-07-15 23:58:20,개인,iOS,2026-02-23 01:45:28,1,"Big Dragon 9876174","[미칠것 같아요] 업데이트 때문에 문제가 생겼으면 하루 빨리 고칠생각을 해야지요. 아이돌 대리고 홍보할게 아니고.. 진짜 너무 버벅대서 업무에 지장이 생길지경입니다",업데이트 불만
2026-07-15 23:58:20,개인,iOS,2026-02-22 22:57:14,1,"kmrider73","[최악] 앞뒤가 안 맞고 순환참조하는 어이없는 기업은행 프로세스에 열받아요",기타
2026-07-15 23:58:20,개인,iOS,2026-02-22 19:30:00,1,"speciescold","[아이폰17 신분증 인식] 개빡치네 한시간 넘게 씨름해도 신분증 인식을 못함. 다른 은행 어플들은 다 되는데 이것만 안됨 화딱지나서 폰 부술뻔",신분증인식
2026-07-15 23:58:20,개인,iOS,2026-02-06 15:37:15,1,"두레군","[비밀번호] 작성 규칙이 너무 복잡해서 불편함",로그인
2026-07-15 23:58:20,개인,iOS,2026-02-01 07:47:19,1,"11282)2)","[재미난 어플] 에라이 신분증을 계속 쳐 찍어도 밝은 환경에서 찍으세요 이러네. 아주 태양 근처에서 찍어야지 되려나? 기업은행 어플 참 엿같이도 만들어놨다",신분증인식
2026-07-15 23:58:20,개인,iOS,2026-01-31 21:11:42,1,"내계정 내놔","[와이파이 안키면 앱 안열림] 데이터 멀쩡히 쓰는데 왜 안열어주노",기타
2026-07-15 23:58:20,개인,iOS,2026-01-30 06:15:02,2,"구공이구","[넘 이상해요~] 하여튼 보안 강화한것이 좀 어렵고, 이상합니다.",기타
2026-07-15 23:58:20,개인,iOS,2026-01-29 17:44:43,1,"djaiwifnfn","[엡 실행안됨] 며칠째안됨 내돈 얼마잇나 좀 봅시다",기타
2026-07-15 23:58:20,개인,iOS,2026-01-28 18:27:33,1,"neoper00","[잘못 송금시 전화불가시] 전화번호변경 시 팝업이나 이메일 고지",이체/거래
2026-07-15 23:58:20,개인,iOS,2026-01-28 15:39:36,2,"꽃바람님","[데이트 너무느렵니다] 조금더빨리빨리처리하면좋은데요",기타
2026-07-15 23:58:20,개인,iOS,2026-01-28 04:12:18,1,"하나스마일","[은행중에서 기업은행이 로그인 되기까지 제일 느림] 우리,신한,하나,국민,기업은행중에서 기업은행이 제일 로딩 느림, 로그인화면에서 인증까지 완료후 은행페이지가 바로 나와야하는데 계속 로그인중인 화면, 답답합니다",로그인
2026-07-15 23:58:20,개인,iOS,2026-01-26 21:16:15,1,"올ㄹㅊㅎㅎ","[신분증 인증 어떤방법으로도 안됩니다] 진짜 화나게 만드네요",신분증인식
2026-07-15 23:58:20,개인,iOS,2026-01-26 19:18:00,1,"멍뭉맹","[휴] 쓰라는건지 말라는건지 모르겠는 은행어플입니다. 기업은행이 어플 제일 빠릿하고 간편해서 주거래로 사용했는데 업데이트 이후에 매번 렉걸려서 화면 안넘어가거나 하얀화면으로 멈추는 경우가 많아서 왜 이런식으로 업데이트를 했는지 이용자로써 이해가 안갑니다.  문의글도 남겨보았지만 개선될 예정이다 하고 몇 달이 지났어요. 매일 사용해야하는데 스트레스 받아서 저는 이제 다른 은행으로 옮기려 합니다. 모델사진 넣을 시간에 구동이나 잘되게 개선하면 좋겠어요. 그리고 이체 과정(+추가이체 과정) 도 굉장히 번거로워져서 더이상의 메리트가 없네요",업데이트 불만
2026-07-15 23:58:20,개인,iOS,2026-01-26 04:23:16,1,"porco78","[앱이 먹통임..] 로그인이 왜 안되는건지?? 보기싫은 이상한 혼성그룹 사진만 계속 떠 있음..",로그인
2026-07-15 23:58:20,개인,iOS,2026-01-26 03:21:06,1,"Autoiria","[속도느림] 인터넷뱅킹 로딩속도가 타사 인터넷뱅킹에비해 너무너무 느립니다 개선이 필요하다고 생각 됩니다",속도/성능
2026-07-15 23:58:20,개인,iOS,2026-01-25 20:19:00,2,"Gfchghhhbhjvghcghvgf","[다운 잘되고 접속 불량] 자주 down 되거나 접속 안됨",기타
2026-07-15 23:58:20,기업,iOS,2026-07-13 18:45:35,1,"지노지롱","[뭐죠?  버그가 왜 이렇게 심합니까] 로그인도ㅜ잘 안되네요. 수정해요. 어서.",로그인
2026-07-15 23:58:20,기업,iOS,2026-07-08 06:59:52,1,"캡컷에는되는데","[로그인이 안돼요] ibk 기업 인증서 누르면 무한로딩… 앱 쓰면 쓸수록 불편해요",로그인
2026-07-15 23:58:20,기업,iOS,2026-06-23 21:05:46,1,"01037746586","[IBK인증서 로그인 창이 안뜸] 하 정말 중요한 거래 할려고 급하게 로그인 하는데  IBK인증서 로그인 누르면 그냥 하얀 화면만 나오고 넘어가질 않네요. 지우고 다시깔고, IOS도 업데이트 해보고 별짓을 다해봤는데 도데체 왜 나에게",로그인
2026-07-15 23:58:20,기업,iOS,2026-05-21 18:52:06,1,"해결해주세요 제발","[로그인 자체가 안돼요..] 몇달 됐는데 고쳐지지 않네요. 로그인을 눌러달라는데 그 화면에 터치되는게 하나도 없어요.",로그인
2026-07-15 23:58:20,기업,iOS,2026-05-18 17:41:48,1,"한율아맘","[답답합니다..] 로그인부터 안되면 어쩌라는건지…",로그인
2026-07-15 23:58:20,기업,iOS,2026-05-14 18:15:25,1,"너무열받아서씀","[쓸때마다 무한로딩] 쓸때마다 무한로딩 문의하면 인터넷 연결 때문이라는데 다른 앱 다 잘 되는데 이 앱만 특별한 네트워크 쓰나요? 매번 열받게하는 특별한 앱",속도/성능
2026-07-15 23:58:20,기업,iOS,2026-05-11 22:29:47,1,"수성찰스","[앱이 너무 구려요] 거래내역 출력하려고하면 앱으로 안되고 무조건 홈페이지에 접속해야하는게 홈페이지에는 설치요청하는 프로그램도 너무 많고... 이래사 점점 더 안 쓰게 됩니다 기업은행",이체/거래
2026-07-15 23:58:20,기업,iOS,2026-05-08 09:14:55,1,"조짓떼로","[앱 안열림] 돈 보내야하는데 앱이 몇시간째 열리질 않아서 답답해 죽겠네요",기타
2026-07-15 23:58:20,기업,iOS,2026-05-05 21:09:41,1,"파샤s","[개쓰레기 어플] 급하게 결제해야하는데 앱위변조검증이 오류라고 재실행하라해서 다시해도 안되네 이딴 쓰레기 어플만들고 그지가튼 은행을 쓰라고? 주거래 은행 갈아탄다",앱 실행/오류
2026-07-15 23:58:20,기업,iOS,2026-04-03 19:58:46,1,"slovols","[거래내역검색하기 정말 짜증..] 하루 이틀 분은 바로 볼수 있게 해줬으면 좋겠다.. 더보려면 몇번 더 눌러 확인해야한다...  거래 검색 기능 눌러서 검색하면 기간 정한거 초기화된다..  통화하면서 확인하려면 이래저래 보통 불편 한게 아니다  사업자통장 바꾸고싶다....   다른 은행 어플도 좀 연구해보면서  편의기능을 개선해 보시면 좋겠다....   계좌이체하는데 비밀번호 세번 누른다...  휴......  몇달동안 써보아도  익숙해지지가 않는다..  4/4  거래내역 검색 좀 편하게 바꿔주세요  단순 이체내역확인도 길게 좀 눌려줘요  대체 몇번을 더 눌러서 검색해야하는지 모르겠네....",로그인
2026-07-15 23:58:20,기업,iOS,2026-03-30 02:55:35,1,"똥망게임","[무슨 은행 어플이 이따위?] 로그인 하는데 무한로딩.. 뱅킹을 쓰라는거야 말라는거야. 업데이트 될때마다 불편하게 만드네 일부러 그러는거에요?? 진짜 화딱지나서 태어나서 어플 리뷰 처음 씁니다.",로그인
2026-07-15 23:58:20,기업,iOS,2026-03-23 22:35:42,1,"고양이신령","[아 인증서발급 받다가 화병나겠네] 정보입력하라도 해놓도 입력하니 왜 무한로딩걸리고 아무것도안되네요 재부팅 재입력을 몇번째하는건지모르겠내",인증/보안
2026-07-15 23:58:20,기업,iOS,2026-03-11 04:24:58,1,"에고2012","[로그인 창이 안 떠요] 로그인 창이 안떠요  종료 후 다시해도 안떠요 열번하면 한번 얻어 걸려요",로그인
2026-07-15 23:58:20,기업,iOS,2026-03-09 17:59:48,2,"리뷰남기러왔슺니다","[어플때문에 은행 바꾸고싶음] 진짜",기타
2026-07-15 23:58:20,기업,iOS,2026-03-07 04:57:52,1,"바꿔주면 별점 바꿈","[못쓰겠네오] 금융인증서 로그인 버튼만 수십번째 먹통 다시 깔아도 먹통 창구갔는데 직원 응대도 최악! 사업자 통장 바꿉니다",로그인
2026-07-15 23:58:20,기업,iOS,2026-03-02 04:19:51,1,"자야1147","[업데이트하면할수록 느려터지고] 업데이트하면할수록 느려터지고 감감무소식. 홈페이지 열리는데 오만년. 제발 업데이트 좀 하지마새요. 이렇게 화나게 할까면. 압데이트 할때마다 열받음요.",업데이트 불만
2026-07-15 23:58:20,기업,iOS,2026-02-18 03:43:08,1,"ㅇㅎ해","[?] 로그인창 로딩이 왤케 김? 렉도 심하고 로딩 너무 김 고쳐주세요 좀",로그인
2026-07-15 23:58:20,기업,iOS,2026-02-14 02:55:15,1,"susiwkendfkcic","[앱을 이런식으로 밖에 못만드나] 로그인-이체하기-다시 로그인하라뜸-로그인-이체하기-무한반복이네 뭘어카라고 이런식으로 만든거임? 걍 사업자계좌 폐업신청하고 다른은행으로 바꿀거임 불편함을 느끼라고 만든거로밖엔 생각이 안되네",로그인
2026-07-15 23:58:20,기업,iOS,2026-02-07 04:34:16,1,"짜증나서리뷰를해보네","[진짜 앱똑바로 안고칩니까] 선결제좀 할려고 하면 하루종일 뱅글뱅글 돌고 렉만 생기고 짜증나죽겟네 진짜",이체/거래
2026-07-15 23:58:20,기업,iOS,2026-01-23 07:34:47,1,"수명을 줄여주셔서 감사합니다","[은행이 망할거라는 확신이 생기는 앱] 이체내역 조회라는 아주 기본적이고 핵심적인 기능에서, 다음 페이지 무한스크롤이 없고 ‘더보기’를 눌러야 함. 그런데 화룡점정은 더보기 누르면 최상단으로 이동함 ㅋㅋㅋㅋㅋㅋㅋㅋㅋㅋㅋㅋㅋㅋ 페이지네이션과 무한스크롤은 요즘 초등학생도 만들텐데 도대체 기획, 개발, QA 어느 한 곳에서도 걸러지지 않았다는 게 믿어지지 않음.  기능 뭐 하나만 빨리 눌렀다하면 무한로딩. 심지어 뒤로가기도 안됨. 즐겨찾기 1초에 한 번 누르는 게 도대체 앱이 멈출만 한 일인가요? 걸핏하면 무한로딩인데 로딩 중 뒤로가기도 안된다는 게 도대체 연봉 1억씩 받는 개발자들이 만들었다는 게 말이 안 됨.  기업 신한 우리 농협 토스 카뱅 등등 개인, 기업 가리지 않고 많이 써봤는데 인증 번거롭고 기능 depth 깊어서 화딱지나는 거야 정경유착으로 꿀통 차고 예대금리차로 고혈 빨아먹는 레거시 은행들 다 매한가지라지만, 기업은행 기업 뱅킹 앱은 궤를 달리함. 최악의 앱 그 자체. 토스랑 카뱅한테 1030 점유율 다 따먹히고도 도대체 느끼는 게 없는 건가..  그래도 농협은행이라는 더 최악이 있으니 위안 삼으시고요. 농협은행은 우주신입니다.  저도 개발하는 사람이고 서비스 만드는 사람으로 고객들 피드백 많이 받고, 웬만하면 나쁜 어조로 말 안하는데  이 앱은 정말 심각해서 상부에서 한 분이라도 보고 심각성 느끼시라고 구구절절 적어봅니다.  직원들, 나이 많은 고객들 시켜서 앱 설치하고 별 5개 단다고 요즘 고객들이 앱 좋은 줄 알고 그런 시대가 아닙니다.. 다시 사업자 계좌 개설하면 죽어도 기업은행 안씁니다.",이체/거래
2026-07-15 23:58:20,기업,iOS,2026-01-01 05:12:24,1,"Korea number 1","[카드 선결제 간단히 해주라] 내 잔고로 내카드 선결제하는데 왜 이리복잡하냐. 대가리 총 맞았냐? 쉽게 좀 만들어라.",이체/거래
2026-07-15 23:58:20,기업,iOS,2025-12-19 15:22:03,2,"123period","[생체 인증 없음] 쓸만은 한데 로그인이 생체 인증이 안되고 간편비번, 패턴으로만 해야하는게 너무 불편합니다.",로그인
2026-07-15 23:58:20,기업,iOS,2025-11-29 21:12:17,1,"유끼다루마","[사용하기 너무 불편함] 너무 불편함",기타
2026-07-15 23:58:20,기업,iOS,2025-11-25 02:01:03,2,"Yeen0316","[이체] 이체 한번하려면 비번을 너무 많이 입력해야됩니다 너무불편합니다",이체/거래
2026-07-15 23:58:20,기업,iOS,2025-11-21 20:31:02,1,"Cgg150","[카드선결제] 카드선결제누르면로딩으로.시간만료떠서사용.안됨 캐시삭제 와이파이다해봄 안됨 스트레스심하네요",이체/거래
2026-07-15 23:58:20,기업,iOS,2025-10-16 05:57:01,1,"별명은무슨씁","[보안 키패드 오류] 보안 키패드 오류. 기업은행은 좀 돈좀 써라. 이런 업체에 외주 주지 말고.",앱 실행/오류
2026-07-15 23:58:20,기업,iOS,2025-10-13 19:58:22,1,"15037264","[별 하나도 아까운 앱…..] 대대적인 업데이트 하고 더 불편해짐 사용자 편의성이 너무 떨어져요….. 로그인부터 엉망진창………",로그인
2026-07-15 23:58:20,기업,iOS,2025-10-10 05:28:19,1,"운ㄴㅌㅁ","[최악중 최악입니다.] 대체 어떤식으로 일처리를 하길래, 몇달째 앱 로그인 로딩 자체에서 멈추는 일이 얼마나 많은지 아십니까, 전 사업체를 운영하다보니 큰돈이 오고가는데 이 개같은 로딩때문에 지연되어서 신뢰를 잃은적이 몇번이나 있습니다. 개선을 하든가 아니면 제발 사라져주십쇼 그냥 다신 안 씁니다.",로그인
2026-07-15 23:58:20,기업,iOS,2025-10-01 21:42:20,1,"기업은행어플 존나느려","[아 18 진짜 존나느려요] 다른은행갈아타고싶은심정 렉존나걸리고 로그인안되고 프로그램좀 가볍게만들면안되나요 ㅈ같아요진짜",로그인
2026-07-15 23:58:20,기업,iOS,2025-09-29 18:54:10,1,"매드걸","[로딩....] 어플이 너무 느려서 일이 진행이 안됩니다.. 업뎃 이후로 로딩시간이 너무 길어졌는데 개선이 안되나요 ㅠㅠ",속도/성능
2026-07-15 23:58:20,기업,iOS,2025-09-24 19:58:40,1,"마음쉐쉐","[진짜 시스템 너무] 개선 좀 해주세요 이체 한 번 하려면 참 오래걸리네 로그인 화면 진짜 속터져요",로그인
2026-07-15 23:58:20,기업,iOS,2025-09-21 23:33:13,1,"Guitarmas","[환장할거 같아요] 너무 느려요. 로그인 기다리는데 무슨 몇십초는 걸리는 거 같네요.",로그인
2026-07-15 23:58:20,기업,iOS,2025-08-27 01:08:35,1,"마보이3","[불편한 앱] 이 앱 정말 불편하고 짜증나네요. .. 공동인증서 등록이 안 되더니 OTP 사업자 번호 모든 번호 포함하여 온갖 민감 중요 정보 쓸데없이 다 입력하라고  대ㅜ요구해 놓고 불편해서 정작 폐기하려니 그런 인증서 없다네요 ㅡㅜㅜ 도대체 이거 뭡니까. 알만한 대형 은행이 피싱하는 것 도 아니고. 사기 당한 더러운 기분 ㅠㅠ 은행 카드 앱 다 삭제해 확버렸습니다.",인증/보안
2026-07-15 23:58:20,기업,iOS,2025-07-27 22:36:30,1,"과학","[개선] 어플 개선 좀.. 기존 어플 잘 됐는데 괜히  바꿔서 패턴 로그인도 몇번씩 안되고..",로그인
2026-07-15 23:58:20,기업,iOS,2025-07-27 04:44:49,1,"짜증 i18진짜","[로딩너무길어요] 송금이라도 하려면 너무 느려요 진짜",이체/거래
2026-07-15 23:58:20,기업,iOS,2025-07-22 14:48:23,1,"Lee791230!?!","[불편] 조잡하고 느려터지고",속도/성능
2026-07-15 23:58:20,기업,iOS,2025-06-21 00:32:13,1,"김정민mellow","[금융인증서 로그인 먹통] 금융인증 시 사업자번호,핸드폰번호로 문자 인증후 화면 돌아오면 로그인 버튼이 눌리지 않습니다. 상위 화면이 덮어서 버튼이 제대로 작동하지 않는것 같은데 고객이탈에 결정적인 역할을 하고있습니다. 빠른 조치 부탁드립니다.",로그인
2026-07-15 23:58:20,기업,iOS,2025-06-05 00:25:54,1,"세이유어","[진짜 개열받아요] 인증서 다운로드 받는데 알림 허용해놨는데 자꾸 알림 허용하고 디지털 otp받으라면서 알림뜨고 처음으로 돌아감  3번째인데 어쩌라는 거에요? ㅋㅋㅋ 기업은행 이용하기 너무 싫다 한개도 아까움",인증/보안
2026-07-15 23:58:20,기업,iOS,2025-05-20 20:38:59,1,"모짱이","[엥] 지금 이용하는 앱은 위변조된 앱입니다 라고 뜨는데???",기타
2026-07-15 23:58:20,기업,iOS,2025-05-16 22:20:49,1,"지하실","[앱 실행이 안됩니다.] 아이폰16 사용자이고 앱 아이콘을 터치하면 안면인식 하는 것 같더니, 튕겨버리네요;  앱삭제하고 다시 설치해도 그래요,  확인해주세요!!",앱 실행/오류
2026-07-15 23:58:20,기업,iOS,2025-05-02 18:54:23,1,"초보마법사","[사내감사팀은 뭐 하나] 새 어플 발주 한 팀이랑 앱 개발팀이랑 로비 나 커미션 있지 않고는 이렇게 만들지 못 한다…비리네",기타
2026-07-15 23:58:20,기업,iOS,2025-05-02 17:36:53,1,"킴캄차이","[앱 실행안됨] 변조됐다고 실행 안됨 아이폰인데 어떻게 변조했다는 것인 지 모르겠음",기타
2026-07-15 23:58:20,기업,iOS,2025-04-21 22:42:05,1,"김서방_","[모바일 결제 금액 표시] 모바일 결제에서 세부내역을 확인할 경우, 여러 결제내역 중 세부 금액이 컴마(,) 없이 숫자만 표시가 되어 금액을 파악하기가 어렵습니다. 인터넷뱅킹 고객센터에도 수정요청을 했는데, 3개월이 넘도록 안고치는 이유가 있나요? 신속하게 수정조치 바랍니다.",이체/거래
2026-07-15 23:58:20,기업,iOS,2025-04-08 18:14:48,1,"리미용1","[다운시간] 다운이 1시간30분나오는데 맞나요?",기타
2026-07-15 23:58:20,기업,iOS,2025-04-07 21:57:57,1,"즐즐긁","[기업 금융인증서 로그인 먹통] 기업 금유민증서 로그인 먹통",로그인
2026-07-15 23:58:20,기업,iOS,2025-04-05 18:16:00,1,"이유안","[안켜져요..] 아이폰 업데이트해서 그런건가요? 제 폰에서는 아예 실행안되고 계속 꺼집니다. 기업 이체할 건들 폰으로는 전혀 못하고 있어요..",업데이트 불만
2026-07-15 23:58:20,기업,iOS,2025-04-04 18:17:05,1,"96건희","[아이폰에서는 로그인이] 실행하면 잠시 보였다가 사라져버리네여",로그인
2026-07-15 23:58:20,기업,iOS,2025-04-01 22:27:34,1,"룰루랄라알","[ㅠㅠ] 아오…답답해 은행 바꾸고싶다",기타
2026-07-15 23:58:20,기업,iOS,2025-03-31 01:24:22,1,"산타는없단다","[개선좀해라] 개 불편하네 광고 7일간 안보기 하는데 왜 자꾸. 같은거 조ㄴ 나 뜨는거냐 니나봐 ㅅ ㅂ 거",기타
2026-07-15 23:58:20,기업,iOS,2025-03-30 19:57:49,1,"러브루츠","[기업용 앱에 얼굴 인식이 왜 필요합니까?] 공동 인증서나 금융 인증서 인증을 하면 되는데 왜 얼굴 인증 하면서 앱이 종료 되나요 너무 불편합니다",인증/보안
2026-07-15 23:58:20,기업,iOS,2025-03-30 11:36:48,1,"일부러그러는거지","[진짜] 개열받네",기타
2026-07-15 23:58:20,기업,iOS,2025-03-29 18:17:27,2,"kangsm99","[앱이 시작하다 꺼져요] 로그인 하려면 앱이 시작하다 얼굴인식하고 꺼져요  로그인 자체를 할수없어요",로그인
2026-07-15 23:58:20,기업,iOS,2025-03-29 02:52:12,1,"또잍","[제발 있는 앱 안에서 수정을 하시지] 왜 새로 또 깔아서 인증서 옮기는 번거로움을 시키시나요? 진짜 너무 싫네요;;;;; 번거로운 것 좀 생각하고 만드시길 별1점도 아깝네요 ㅠ",인증/보안
2026-07-15 23:58:20,기업,iOS,2025-03-27 04:12:09,2,"rudfo1024","[왜맨날 불편하게 업데이트를 하시는거예요?] 너무느려졌고 불편해졌어요 진짜 사용할때마다 화나요",업데이트 불만
2026-07-15 23:58:20,기업,iOS,2025-03-27 02:55:49,2,"다음부터 ㅋㅋ","[개인공동인증서연동시] 핸드폰으로 인증문자 발송하는데 왜 안오는지 궁금합니다",인증/보안
2026-07-15 23:58:20,기업,iOS,2025-03-25 00:45:47,1,"리야람","[인증 로그인 조차 클릭이 안되게 만들면^^] 금융인증 로그인은 클릭도 안되게 만들어놓고 뭘 쓰라고 바꾸는건지 모르겠네 애초에 불편함이 개선되게 하던가 곧 종료하니 뭐니 하면서 어플 옮기게 만들고서는 더 불편하게만 만드네요^^ 이것도 재주임 주거래 은행 바꾸는게 나을까  생각도 하게 만드네요",로그인
2026-07-15 23:58:20,기업,iOS,2025-03-24 19:47:02,1,"와우친구","[쓰레기 기획자와 꼰데가 만든 페기물앱] 시대가 어느시대인데 개같은 인증에 토스만도 못한 사용편의성 ㅋㅋㅋㅋ 무한루프 인증 ㅈ같은 놈들 기술이 안되면 걍 은행을 하지마…. 대출도 안끼고 있는데 외환땜에 쓴다…. 하 진짜 주거래 은행이라 바꿀수도 없고 개같은 인증 진짜 틀딱들 은퇴하면 진작 사라질 은행 거래사",이체/거래
2026-07-15 23:58:20,기업,iOS,2025-03-24 06:46:36,1,"kjskjjj","[기존계좌 안보임] 너무 불편함",이체/거래
2026-07-15 23:58:20,기업,iOS,2025-03-23 22:32:07,1,"Carneo","[금융인증서 로그인에서 로그인버튼 안눌립니다.] 3월 이후 앱 여기로 바꿔야 한다고 나와서 깔았는데 금융인증서 로그인하려고 누른 후 나오는 로그인 버튼이 먹통입니다. 뭐 어떻게 쓰라고 이래놓고 3월 이후 앱 변경하라고 하는건가요??",로그인
2026-07-15 23:58:20,기업,iOS,2025-03-21 02:40:31,1,"youad","[우와!] 스스로가 병신임을 자처하는 기업은행 어플",기타
2026-07-15 23:58:20,기업,iOS,2025-03-20 17:53:46,1,"이덩중","[간편송금] 기존 서비스 간편송금 왜없앤거예요?? 불편해서 다른은행 이용해야되나 싶네요;; 중요한 부분인것 같은데 기존앱 틀에서 벗어나지 않으면서 만들어야 하는거 아닌가요",이체/거래
2026-07-15 23:58:20,기업,iOS,2025-03-13 18:18:50,1,"리뷰어,,","[이전앱이더좋아요 너무느려요] 이전앱도 빠르진 않지만 큰 불편 없이 써왔는데, 새로운 앱은 왜 로그인만 5분이 넘게 걸리나요 그거듀 매번!!!!!! 하다가 속터져서 이전앱으로 업무보네요.. 예전걸 지울수가 없는데 없어지면 이 어플 어떻게 사용하죠??? 제발,, 리뷰쓰는 이순간까지도 새 어플 로그인이 안됩니다.. 속터지라고 만든건가요... 직접 창구와서 모든 업무 보라고 이렇게 만든건가요? 개선 시급합니다. 진짜 매번 너무 화나요. 리뷰같은거 쓰지도 않는 사람인데 제발 개선좀 해달라고 씁니다",로그인
2026-07-15 23:58:20,기업,iOS,2025-03-09 23:25:24,1,"만라동짱","[쪼옴] 동일기종 동일 프로세스에서 본인인증 휴대폰 인증 한번 했으면 끝이지 계속 반복됨 개발자 아이큐 수준 만큼 불편함 거기다 otp는…구석기유물 사랑이 넘치는…",신분증인식
2026-07-15 23:58:20,기업,iOS,2025-02-24 18:50:32,1,"y753654","[아니 걍 로그인도 안 되고] 로그인도 맨날 렉 먹어서 안 되고 답답해 죽겠어요 진짜 ; 개선 좀 하세요",로그인
2026-07-15 23:58:20,기업,iOS,2025-02-01 13:50:08,1,"영원한하수","[공동인증서] 아무리 복사를 해도 로그인 초기화면에 뜨지를 않음.",로그인
2026-07-15 23:58:20,기업,iOS,2025-01-30 08:39:10,1,"anysync","[불편함의 끝판왕] 이전 어플도 불편했는데 어떻게 더 불편하게 만들다니 이것도 능력이네요. 최근입금 계좌 이젠 검색기능조차 뺏네요. 기업운영하시는 분들 거래처로 조회합니다. 그냥 목록으로 보이면 언제 찾나요. 기업들은 이름이 길어서 다 나오지도 않아요. 그리고 입금시 금액 꼭 다 입력해야 하나요? 붙여넣기 기능은 왜 뺏습니까? 손으로 금액 일일이 입력하면 휴먼 에러 발생합니다. 도대체 무슨 목적으로 바꿨는지 이해도 안되는 개편입니다.",앱 실행/오류
2026-07-15 23:58:20,기업,iOS,2025-01-29 04:08:27,1,"🌚🤳🏻","[보안 키패드 오류] 보안 키패드가 뜨는 단계에서는 어디든 오류가 납니다. 사업자등록번호 입력을 보안 키패드로 입력해야 하는 화면에서는 에러가 뜨더니 일반 숫자 키패드로 입력해야 하는 화면에서는 에러가 안뜹니다. 다른 화면에서는 주민등록번호 뒷자리 입력을 보안 키패드로 입력하라고 해서 입력했더니 또 오류가 뜹니다. 모바일 뱅킹으로 업무 자체가 불가합니다. 신속히 오류 수정해 주십시오. Device: iPhone 16 Pro Software: iOS 18.2.1",앱 실행/오류
2026-07-15 23:58:20,기업,iOS,2025-01-16 17:42:32,1,"태양천공조","[간편송금 뻥이네요] 간편송금 할때마다  간편송금서비스 가입하라고하네요 그럼 간편송금기능은 무슨 의미가 있어요? 개발자님은 새해 복 많이 받으시고 하시는 일을 잘 잘 하시기 바랍니다.",이체/거래
2026-07-15 23:58:20,기업,iOS,2025-01-14 21:22:53,1,"사용자1837","[왜 클릭이 안먹히나요] 금융인증서 인증 겨우 하고 로그인 하려는데 클릭 자체가 안되네요 오류 심하네요",로그인
2026-07-15 23:58:20,기업,iOS,2025-01-10 00:18:52,1,"어프레시","[이중출금] 3건의 여러계좌이체를 했는데. 50초사이로 이중 출금이 되었습니다. 근데 한건만 출금취소로 되고 나머지는 안되어서 고객센터에 전화했더니. 자기네 은행은 잘못이없고 제가 두번보냈다고 합니다.  상담원이랑 대화가 안되어서 어플관리자나 it부서 연결해달라고 하니 자기네는 없다고 합니다. 아무리 계산해도 제가 50초 사이로 두번 이체할 시간도 안되고. 한건만 출금취소된거 설명해달라니깐. 그건 상대방 은행시스템이 잘못된거라고 합니다. 정말 대응이 엉망이네요",이체/거래
2026-07-15 23:58:20,기업,iOS,2025-01-02 01:06:37,1,"비추 절대","[아니 왜 어플이 안켜져요] 인터넷이 연결 안되었다고 어플이 팅기는데 문제가 심각하네요",기타
2026-07-15 23:58:20,기업,iOS,2025-01-02 01:01:53,1,"Joooonnbnn","[접속불량] ⸌◦̈⃝⸍ʷʰʸˀ̣ˀ̣ˀ̣ 인터넷 잘 터지는데 ⸌◦̈⃝⸍ʷʰʸˀ̣ˀ̣ˀ̣ 인터넷 연결이 안됐다는건지...은행어플이 이래도 되나요 ??",기타
2026-07-15 23:58:20,기업,iOS,2025-01-02 00:48:51,1,"왜 이러는걸까요","[로그인 오류] 들어가면 인터넷이 연결이 안된다고 합니다..",로그인
2026-07-15 23:58:20,기업,iOS,2025-01-02 00:48:43,1,"하..어이없","[버그 너무 심해요] 다른앱은 다 되는데 기업어플만 계속 인터넷연결 안된다해요ㅡㅡ 지금 급하게 송금해야하는데.. 고객센터연결동안되구여",앱 실행/오류
2026-07-15 23:58:20,기업,iOS,2024-12-30 22:12:28,2,"jw111111111","[개선해야 할 사안] 여러건의 모바일 결제을 할때 매번 결제할때마다 다시 비번으로 들어가야 하는데.. 저번 버전에서는 한번 결제비번 입력하면 계속 할수 있었는데 다시 되돌려주세요 그리고 비번 입력시 소리가 일정치 않는데 이것도 상당히 불편합니다",이체/거래
2026-07-15 23:58:20,기업,iOS,2024-12-30 17:05:23,1,"아오리99","[내계좌 이체] 내 계좌에서 내 계좌로 이체하는데 도대체 왜 인증서 비번을 또 입력해야 하나요. 오티피 검증이면 충분하잖아요. 이전에도 너무 불편했는데 업데이트 후 바뀌었을까 기대했지만 그대로네요. 업데이트는 안 되는 건가요? 그리고 여러계좌 이체는 없어진 건가요? 몇 십건씩 이체하는데 한땀한땀 매번 인증서 비번 눌러가며 하라는 건지… 너무 답답합니다.",업데이트 불만
2026-07-15 23:58:20,기업,iOS,2024-12-30 08:53:58,1,"ㅇㅇㅇㅇ별명","[어플 실행안되고 무한로딩] 어플 실행하면 실행안되고 무한로딩중입니다. 지금 급하게 이체해야되는데 미치겠네요 pc로 이체하려고 해도 모바일otp해야되는데 어플실행안되서 못하고",이체/거래
2026-07-15 23:58:20,기업,iOS,2024-12-29 23:33:43,1,"an hi2","[이체금액 붙여넣자] 기능이랄것도 없는 붙여넣기 조차 안되는 이딴걸 출시하나. 개발 책임자 엄벌해라.",이체/거래
2026-07-15 23:58:20,기업,iOS,2024-12-29 15:09:33,1,"suny0404_","[뱃지 삭제 불가 심기불편] 앱에 읽지 않은 메세지 있을 시, 떠있는 뱃지가 앱내 모든 공지들이나 new라고 사료되는 모든 것을 눌러봐도 나와보면 뱃지가 그대로 1이 떠있습니다! 개인적으로 뱃지 떠있는 것을 거슬려해서 바로 없애는 성격에 너무나 거슬리네요. 오류라면 조속한 복구진행 필요합니다!!!",앱 실행/오류
2026-07-15 23:58:20,기업,iOS,2024-12-29 04:25:50,2,"유성엔지니어링 ㅜㅜㅜ","[여러 계좌  이체] 기존  기업  앱은  여러계좌  이체  기능이 잇엇는대  왜  없어요???  계좌이체시  즐겨찾기  기능도  잇고  검색도  됏는대  최근  거래만  잇네요  개편  전이  더  좋아요",이체/거래
2026-07-15 23:58:20,기업,iOS,2024-12-26 08:41:14,1,"Kepwllle","[답답하다 이 앱 옛날앱으로 가자] 앱업데이트하면 인증서 어디감? 요즘 인증서 날라가는 금융앱이 있나? 업데이트나 하지 뭘 새로 앱까지 만듦? 로그인에러, 이체리스트 리셋, 답답기업",로그인
2026-07-15 23:58:20,기업,iOS,2024-12-25 02:43:10,1,"호ㅗㅗㅓㅓㅓㅎㅎㅎㄹㄹㄹㅎ","[최악의 이체화면] 간편송금 메뉴가 없어지고 이체화면에서 자주쓰는 계좌를 선택할수 없고 진짜 누가 디자인 한건지 이체방은 도대체 뭐냐 이체추가를해서 여러계좌이체를 하라고 ? 이체추가 버튼이 어딨는데 ? 내가 자주쓰는 계좌 조회가 안되서 불편하다는데 딴소리야 이체함을 얘기하는건가? 이체함을 등록할때 금액도 지정하게 되어 있는데 매번 같은 금액만 이체할거라는 건 누구 아이디어냐?",이체/거래
2026-07-15 23:58:20,기업,iOS,2024-12-23 21:11:07,1,"코쿠마","[완전 불편 → 카드이용내역] 카드 이용내역에서 더보기 누르면 스크롤이 맨 위로 올라가서 다시 엄청 내려야 함. 속도도 많이 느리고... (ios 최신 버전임)",기타
2026-07-15 23:58:20,기업,iOS,2024-12-21 20:35:39,1,"홍운562","[도대체 뭐죠? 정말 불편합니다] 계좌이체할 때 이전처럼 자주쓰는 계좌 메뉴가 없습니다. 그게 있어야 바로 계좌를 선택하고 입금을 할 수 있죠. 웃긴건 해당 섹션은 따로 들어가야 나오고 어차피 그쪽에서는 바로 이체가 되지도 않으니 무용지물. 도대체 왜 이렇게 만든지 이해가 되지 않아요. 이게 리뉴얼 되지 않으면 업그레이드 전이 훨씬 나은 것 같습니다.",이체/거래
2026-07-15 23:58:20,기업,iOS,2024-12-21 06:17:27,1,"아오ㅡㅡ 개짜즐난다","[로그인 오류] 로그인 해야되는데 계속 오류나서 화면자체가 먹통입니다  낮부터 계속 그러는데 너무 불편해서 사업자 갈아타고 싶네요 새로나와서 개선이 많이된줄 알았는데 나아진게 하나도 없는듯 페이스로그인 찾아봐도 없는데 어디있죠? 로그인할때마다 불편해 죽겠어요 개선이 하나도안됬음",로그인
2026-07-15 23:58:20,기업,iOS,2024-12-16 20:44:15,1,"나랭nsc","[페이스아이디 설정 안됨] 패턴이랑 6자리 번호만 설정 되고 페이스아이디는 설정 안됩니다.",로그인
2026-07-15 23:58:20,기업,iOS,2024-12-12 15:02:23,1,"꺄뎌레","[입출금 알림] 잔액표시 안되게하는거 안됨 무조건 잔액 뜸",이체/거래
2026-07-15 23:58:20,알림,iOS,2025-10-10 09:12:00,1,"에휴7529485","[네트워크 연결이 원활하지 않습니다] 9999 이거 뭔가요? 입출금 알림앱이 따로 있을 정도면 해결을 하세요.",이체/거래
2026-07-15 23:58:20,알림,iOS,2025-09-10 02:12:06,1,"유마허호","[어플 작동 안됨] 이체 및 카드사용 등등 알림이 전혀 없음 설정에 알림 허용까지 했는데 안됨",이체/거래
2026-07-15 23:58:20,알림,iOS,2025-09-08 03:16:28,1,"Aegis_Shim","[알람이 안 와요.] ibk 기업은행 앱 알림 해제하고 i-one 알림 앱을 알람 켰는데 아예 알람이 안 와요. 업데이트 이후에 이렇습니다. 빨리 수정해주세요. 잔액 표시도 안돼요.",업데이트 불만
2026-07-15 23:58:20,알림,iOS,2025-08-04 20:51:24,1,"스스로빛나","[앱이 열리지 않음] 처음 실행시키면 페이스 아이디 인식 후 앱이 튕겨 버리네요. 삭제 후 재설치 해도 똑 같틈. 나름 편리 했는데.",앱 실행/오류
2026-07-15 23:58:20,알림,iOS,2025-01-23 05:39:15,1,"아스라다1393","[휴대폰인증 문자가 안옵니다] 어플사용을 할 수 없어요",기타
2026-07-15 23:58:20,알림,iOS,2024-11-11 15:43:26,1,"에라이0971598","[알림 안 와요] ios 18.1이고 ione알림,뱅크 두개 다 설치 돼 있고 이전 리뷰 답변 처럼 뱅크쪽 알림 끄고 ione알림 쪽 방해 금지 시간 지정도 해제 하고 입금 알림 테스트 했는데 역시나 안 왔습니다.참고로 뱅크쪽또 푸시 알림 켜면 그쪽이라도 와야는데 알림 먹통 상태인건 둘다 똑같습니다. 이게 아마도 ios18 이전에는 알림이 정상 작동 된 것으로 기억 하는데 ios18업그레이드 이후 기업은행 앱으로 알림 받은 기억이 없습니다. 업그레이드 전후 특별히 설정을 변경 하지 않았는데 알림 먹통이 된 것이라면 적어도 앱 자체 문제는 아닐까요?",알림/푸시
2026-07-15 23:58:20,알림,iOS,2024-09-29 17:54:08,1,"Dddidodiekn","[아이폰16] 아이폰16pro인데 어플이 안켜지네요",기타
2026-07-15 23:58:20,알림,iOS,2024-09-07 12:04:02,1,"괄사","[알림이 안오는데 무슨 알림어플] ㅡㅡ",알림/푸시
2026-07-15 23:58:20,알림,iOS,2024-06-20 19:08:42,1,"아짜증 흑","[아이폰15프로 ios촤근껀데] 알람 안울림 ㅡㅜ",기타
2026-07-15 23:58:20,알림,iOS,2024-06-08 01:24:26,1,"Byeolmom","[검색도 안되면서 검색기능은 왜 있나요] 검색도 안되면서 검색기능은 왜 있나요 개선해주세요 내역 찾을려고 다 뒤져야 하나요",기타
2026-07-15 23:58:20,알림,iOS,2024-03-10 19:12:37,1,"백엠","[아이폰 15프로맥스 ios 17.4 알림이 안옵니다] 아이폰 15프로맥스 ios 17.4 알림이 안옵니다 알림 안울린지 약 1-2달 됐습니다. 앱 재설치해도 알림이 안오네요... 빠른 조치 부탁드립니다",알림/푸시
2026-07-15 23:58:20,알림,iOS,2024-01-19 11:56:53,1,"비맞으면키안커","[비밀번호 입력 불가] 아이패드 미니5  배경하고 숫자버튼 다 하얗게 나와서 누를수가 없어요 빨리 고쳐요",로그인
2026-07-15 23:58:20,알림,iOS,2024-01-18 22:42:26,1,"아놔. 별명생성 ㅡㅡ","[알림이 너무 늦게 오는데요..] 통신이나 서버 문제라는 건가요? 옆에 있는 사람은 바로 와요 같은 통신산데.. 저도 실시간으로 빠르게 받고 싶은데 어떻게 해야 하나요? 방법 좀 알려주세요ㅠㅠ 너무 불편해요ㅠㅠ 늦게 온 지 오래됐는데 그냥 참고 쓰다가 안 되겠어서 문의 드립니다ㅠㅠ",기타
2026-07-15 23:58:20,알림,iOS,2023-10-30 03:43:25,1,"더럽다진짜안된다","[시작이안됨] 어플깔고 언어선택하면 확인버튼이 있어야  본인인증을하지  확인버튼없어서 아얘사용을 못하네",신분증인식
2026-07-15 23:58:20,알림,iOS,2023-10-26 07:45:05,1,"suplove79","[아이폰 15 바꾸고 …] 앱 다운 받았는데 고객구분 화면에서 2번 본인인증으로 넘어가는 방법 없어요… 다음 버튼이라든가 그런거 없어요",신분증인식
2026-07-15 23:58:20,알림,iOS,2023-10-25 21:49:19,1,"101803751","[아이폰15프로 기변후에] 어플 사용이 안돼요 한국어 개인고객 선택 화면에서 다음화면으로 넘어가지질 않습니다",디자인/사용성
2026-07-15 23:58:20,알림,iOS,2023-10-25 15:35:10,1,"kr.park","[iOS17.1 에서 선택 버튼 안보임] 알림앱 설치하고 처음 설정시 하단 선택버튼이 안보임",기타
2026-07-15 23:58:20,알림,iOS,2023-08-28 06:07:58,1,"워터로그오류빡쳐","[계좌 맞는데 왜 아니라고] 뜨는겁니까",이체/거래
2026-07-15 23:58:20,알림,iOS,2023-08-22 03:27:12,1,"러오나노유처라","[아이폰 알림 안옴] 입출금 알림이 오질 않아요 확인 부탁드립니다",이체/거래
2026-07-15 23:58:20,알림,iOS,2023-08-18 05:26:23,2,"이기우","[입출금액과 잔액이 겹쳐서 표시됨] 몇달지난거 같은데 아직도 개선안되고 있음",이체/거래
2026-07-15 23:58:20,알림,iOS,2023-01-19 22:26:35,1,"N경민","[Sms 인증번호가 안와요 …] 11프로 사용중인데(16.2) 금융인증은 sms와서 넘어갔는데 2번째 sms인증은 문자가 안와서 못넘기겠네요 ..",기타
2026-07-15 23:58:20,알림,iOS,2023-01-17 20:26:20,2,"KimCheolHwan","[전화번호로 인증문자 않날라와요] 전화번호로 인증문자 않날라와요 쓰는 사람이 없나? 모두 등록해서 인증하는 사람이 없나? 아무튼 인증문자가 와야 등록을 하지요 ㅜㅜㅜ",기타
2026-07-15 23:58:20,알림,iOS,2023-01-12 21:02:07,1,"초촠코우유","[눈아퍼요] 이번에 바뀐 색 눈 아파요 하늘색 같이 연한 색으로 해주세요  뭔가 강조하고 싶어서 파란색 한거 같은데 느낌 없어요  무난하게 눈 안 아픈 연한 색으로 해주세요",기타
2026-07-15 23:58:20,알림,iOS,2022-11-15 22:45:23,2,"아라리요.","[알림이 안와요...] 알림 설정을 다 해도 알림이 안옵니다...",알림/푸시
2026-07-15 23:58:20,알림,iOS,2022-10-22 06:17:33,1,"뜬금이허러","[카드알림이 안됨] 여태 불편함 없이 잘 썼는데요~~ 최근들어서 카드알림이 안뜹니다.. 들어가서 사용내역 확인하면 사용내역은 나오는데 카드 긁었을때 알람이 안울려요 어플도 알림으로 되어있고 업데이트도 다 되어있고 문제가 없는데 왜그러는지 모르겠습니다",알림/푸시
2026-07-15 23:58:20,알림,iOS,2022-10-05 05:39:51,1,"hddka","[프록시 재설정이라고 하면서 볼수가 없어요] 왜 갑자기 이럴까요",기타
2026-07-15 23:58:20,알림,iOS,2022-08-01 02:12:59,1,"D'scovery","[넘 불편합니다] 알림엡인데 알림와서 확인할때가 제일 불편하네요 로그인기능이 계좌인증이니 패턴이니 한데 생체인식도 안되고 차라리 타앱처럼 로그인패스를 해주셨으면 좋겠네요..",로그인
2026-07-15 23:58:20,알림,iOS,2022-06-10 20:01:19,1,"Chesse치즈","[알림 앱인데 왜 알림이 안옴?] 난 내 폰이 이상한줄?????????? 개발자들 일 안함?????",알림/푸시
2026-07-15 23:58:20,알림,iOS,2022-05-31 14:26:06,1,"모하냐 15분동안","[앱 업데이트좀 제발…] 입출금 알림문자가 15분 후에 옵니다 다른은행들은 출금이나 입금시 바로 알림이 뜨는데  기업은 15분이나 걸리네요;;;",업데이트 불만
2026-07-15 23:58:20,알림,iOS,2022-05-02 08:27:32,1,"실버 골드 휴","[...] 기업은행 앱이 멀쩡히 있는데 이렇게 따로 알림앱만 만들어야 하는 이유가 있나요?",기타
2026-07-15 23:58:20,알림,iOS,2022-04-30 00:38:49,1,"luv0000","[몇달째 휴대폰인증 메세지가안와요] 메세지인증 인증번호 입력이 불가라 쓸수가없어요 차단된것도 아닙니다",기타
2026-07-15 23:58:20,알림,iOS,2022-04-17 04:20:21,1,"tokb222","[알림이 안와요] 입출금알림을 애플워치랑 연동해서 제일 많이 쓰는데 어느순간부터 안되네요. 업데이트 지웠다깔기 5번은 해봤습니다. 너무 답답해서 ibk 주거래 은행이였는데 어플오류때문에 그냥 이제 안쓰고 타은행으로 넘어갑니다 건승하세요^^",알림/푸시
2026-07-15 23:58:20,알림,iOS,2022-03-26 09:49:56,1,"페이북ㅉ","[알림이 들쑥날쑥] 어느날은 잘오고 어느날은 또 아예 안오고 짜증남",기타
2026-07-15 23:58:20,알림,iOS,2022-03-09 16:53:54,1,"카플오류9999","[페이스 아이디 비활성화] 최신 업데이트 설치후 페이스아이디 로그인항목이 비활성화되었습니다. 확인 부탁드립니다.",로그인
2026-07-15 23:58:20,알림,iOS,2022-01-21 22:18:29,1,"jiwon1123","[아이폰 아무것도 안떠요] 빨리 고쳐주세요",기타
2026-07-15 23:58:20,알림,iOS,2022-01-18 20:25:57,1,"게리링","[갑자기 계좌하나가 안떠요] 잘 사용하고있는데 주거래계좌만 안뜨네요…삭제됐나 하고 계좌추가 했더니 이미 추가된 계좌라고만 뜨고 보이질 않아요",이체/거래
2026-07-15 23:58:20,알림,iOS,2021-12-08 18:55:03,1,"기업개빡치네","[업데이크] 왜 니들 맘대로 내 정보를 업데이트 하라마라야 ㅡㅡ 중요한 계좌이체 할려고하니까 짜증나네 개빡치게 설정 한번 해놨으면 쭉 유지되게해야지 니 뭣대로 업데이트해서 정보 다 날라가게 만드냐????",업데이트 불만
2026-07-15 23:58:20,알림,iOS,2021-12-03 01:54:13,1,"얼씨구1","[업데이트] 업데이트 하고 다시 인증 하라고 해서 하는데 문자 가 안온다고요 미치겟네 어제부터  차단시켰나 해서 봤는데 차단목록에도 없는데  어떻게 해야 하나요.. 일하고 바쁜데 은행갈 시간도 없는데 돌아 버리겟네오",업데이트 불만
2026-07-15 23:58:20,알림,iOS,2021-11-11 08:15:38,1,"꼬똥이메렁","[알림 소리가 몇주전부터 안나요] 빨리 업뎃 좀 해주세요. 너무 불편함 ㅡㅡ",기타
2026-07-15 23:58:20,알림,iOS,2021-11-11 08:03:02,1,"Focus123409","[알람어플인데 알람이 안울려요] 알람이 언제부턴가 안떠요 그냥 삭제할께요",기타
2026-07-15 23:58:20,알림,iOS,2021-11-03 01:51:57,1,"lovejinic","[본인인증 문자 안와서 고객센터 문의하니] 문자가 와야 진행을하지 100번 눌러도 안와서 고객센터 문의하니 자기들은 무조건 문자 보냈다고 통신사 전화해서 물어보라고 책임전가함",신분증인식
2026-07-15 23:58:20,알림,iOS,2021-07-14 04:07:53,1,"남신쓰","[아예 켜지질 않아요] 다시 받아서 켰는데 아예 켜지지도않고",기타
2026-07-15 23:58:20,알림,iOS,2021-06-14 08:44:48,1,"토구히","[이미 서비스 가입된 전화번호라고 떠요] 저는 이 어플 처음 까는데ㅠㅠ 이미 가입됐다고 뜨면서 진행이안돼요",기타
2026-07-15 23:58:20,알림,iOS,2021-04-23 05:37:11,1,"클라우드공유방법","[인증번호 왜 안오냐고요] 알림도 안오고 어플 깐 의미가 없네 기업은행 열일 안하시나 만들어놓고 쓰질못하면 왜 만든거  빡칠라하네",기타
2026-07-15 23:58:20,알림,iOS,2021-04-23 00:47:13,1,"Dev바킥","[핸드폰 번호 어떻게 바꿔요..?] i one bank 에선 폰번호 바꼈는데 알림앱은 바꾸는게 없어요",기타
2026-07-15 23:58:20,알림,iOS,2021-04-09 12:18:22,1,"업뎃제대로해","[알림이 안와요] 업뎃 이후 알림이 안울립니다",알림/푸시
2026-07-15 23:58:20,알림,iOS,2021-03-28 16:49:44,1,"뿌잉뿌이이","[개인사업자 가입] 사업자 번호에 개인사업자는 생년월일을 넣으라떠서 생년월일 기재하니 10자리 번호가 아니어서 인식이 안된다 뜨는데 어떻게 가입해야하나요",기타
2026-07-15 23:58:20,알림,iOS,2021-02-24 17:45:39,1,"라엘마미","[왕불편] 다른 은행들처럼 은행앱에서 알림이 왔으면 좋겠어요. 알림앱은 왜 따로 만들어서 불편하게 하는지... 기업은행이 앱 개수가 제일 많은듯.",기타
2026-07-15 23:58:20,알림,iOS,2021-02-18 16:10:42,1,"으ㅡ으으으응ㅇ","[가입불가] 인증번호 문자가 안 와서 가입 실패",기타
2026-07-15 23:58:20,알림,iOS,2021-01-28 20:46:55,1,"고고진","[플록시 재설정 오류] 왜 알림앱이 갑짜기 되지 않죠? 아무리 시도를 해봐도 플록시재설정 하라고 팝업창 뜨면서 강제종료 됩니다. 기종 아이폰12 / ios14.4 그전 모델도 안되더만요...앱관리 및 피드백 해주세요...상당히 불편합니다.",앱 실행/오류
2026-07-15 23:58:20,알림,iOS,2021-01-26 04:36:43,1,"유호호","[앱때문에 은행을 바꾸고 싶습니다] 구멍가게 앱 같습니다 반성들 좀 하세요",기타
2026-07-15 23:58:20,알림,iOS,2021-01-15 08:32:52,1,"인스타아아아앙","[알림이 하나도 안와요] 어플 용도가 계좌 내역 알림인데 왜 하나도 안오나요? 타사 은행은 입출금이 다 뜨던데 이건 알 수가 없어서 너무 불편하네요",이체/거래
2026-07-15 23:58:20,알림,iOS,2021-01-05 20:05:20,1,"mebabang","[아이폰 ios14이상 sms인증문자 안옴] 아이폰에 앱 설치해서 기업은행 다른건 문자 잘만 들어오는데 이 앱에서 휴대폰 인증 문자 받는건 안와요  ㅡㅡ 안오면 아예 사용이 불가능한데 어떻게쓰라는검지",기타
2026-07-15 23:58:20,알림,iOS,2020-12-02 20:39:52,1,"뾰잉수","[이거 어떻게 해요] 안전한 거래를 위하여 프록시 사용을 제한합니다 사용중인 네트워크 설정을 ㅅ확인하세요 이거 어떻게 하나요",이체/거래
2026-07-15 23:58:20,알림,iOS,2020-11-09 01:58:26,1,"Thdus5021","[핸드폰 번호 변경] 핸드폰 번호 바껴서 변경해야되는데 변경할수 있는 방법이 없어요",기타
2026-07-15 23:58:20,알림,iOS,2020-11-05 05:07:41,1,"에소98","[안전한 거래를 위하여] 프록시 설정을 제한합니다 라는데 저는 프록시 설정을 안했는데 왜이러죠 vpn은 꺼놨고 와이파이도 아닙니다",이체/거래
2026-07-15 23:58:20,알림,iOS,2020-08-06 16:27:41,1,"ㅇㅁㅋㅈㅁ","[알림 숫자가 무조건 3임] 거래내역 1건이어도 3이라고 뜸",이체/거래
2026-07-15 23:58:20,알림,iOS,2020-07-29 22:22:59,2,"박뎅","[본인인증문자가 안날라옴] 인증번호 문자가 날라와야 등록을해서쓰죠 ㅡㅡ",신분증인식
2026-07-15 23:58:20,알림,iOS,2020-06-24 01:45:13,2,"강남오빠👍","[두 개 폰 인증 안되나요?] 번호 한 개로 폰 두개 인증 안되나요?",기타
2026-07-15 23:58:20,알림,iOS,2020-05-31 22:57:40,1,"woostar21","[알림이 안와요] 알림이 안와서 다시 하려고 햇더니 폰 인증번호가 안와요ㅠㅠㅠ 재발송해도 안오고... 문제좀 해결해주세요",알림/푸시
2026-07-15 23:58:20,알림,iOS,2020-05-18 04:54:27,1,"거북이지렁이","[다운받는데 속도 참 거북이네] 속터지겠네여? 뭐 별내용도 없는게 용량도 적을건대 10분이 지나는데 중간와있네 환장하겠네..ㅆㅂ",기타
2026-07-15 23:58:20,알림,iOS,2020-05-15 01:50:05,1,"maze life","[알림앱 별도로 설치하는 것도 토나오는데] 알림설정하는데 도대체 인증을 몇번을 하냐?",기타
2026-07-15 23:58:20,알림,iOS,2020-04-27 09:01:39,1,"seouldynasty","[불편해요] 카카오뱅크 주로 쓰다가 이번에 큰맘먹고 아예 갈아탔는데 무슨 알림 하나 뜨게하려고 어플을 깔아야하는지 이것부터 이해가 안되구요 알림이 오면 스와이프로 지우고 끝내는데 홈화면 아이콘에 1이 떠있는게 진짜 제일 거슬려요 끌수도 없고 무조건 어플 들어가서 확인해야 꺼지는게;; 제발 홈화면 숫자 없애주세요 글구 앵간하면 이 어플 없이 기존 기업은행 앱에서 알림 뜨게 추진해주세요",디자인/사용성
2026-07-15 23:58:20,알림,iOS,2020-04-26 22:38:31,1,"쿠오어어어억퉤","[무슨 이 은행은 과정이 더럽게 복잡하나요] 다른 은행들은 기존 앱에 알림이 그냥 다뜨게 되있는데 이 은행은 무슨 다 각자 늘려서 깔아야하고 비밀번호 등록도 무슨 필요이상으로 제약 다걸어놓고 서비스 불편하게 하는지 이해가 안가네요",로그인
2026-07-15 23:58:20,알림,iOS,2020-04-23 12:51:24,1,"ENTROPY-","[가뜩이나 앱도 많고 통장도 종류별 많아 짜증나는데] 본 어플은 첫화면부터 어느 내부 카테고리를 가도 무슨은행인지 확인이 안되 결국 네이버가서 아이원 알림이 어느은행인지 확인하고옴 어플세상 어플천국 어플로 사는시대에 이런건 기본인데 청약자입장 보단 본인들 입장만 취하는 전형적 이기적인 병신집단이 만든 또는 뇌가 미성장된 돌연변이들이 만든 어플이 아닐까 사료됩니다.",디자인/사용성
2026-07-15 23:58:20,알림,iOS,2020-04-14 20:03:39,1,"windows3000","[알림 숫자 오류건] 알림 건이 한건인데 26건으로 표시되네요 (증상은 몇개월째 계속) 2~3건 알림도 알림은 맞춰서 즉시적으로 잘 오는데 알림 숫자 표기가 계속 26으로 나옵니다. 물론, 앱 실행하고 들어가면 알림은 바로 없어지지만 숫자 표기가 계속 오류입니다. 언제쯤 정상화 될런지 ㅜㅠ",앱 실행/오류
2026-07-15 23:58:20,알림,iOS,2020-04-04 10:05:38,1,"에베레ㅔㅂ에","[알림이 안와요] 설정에서 모든 알림 ON으로 했는데 안 오네요ㅠ",알림/푸시
2026-07-15 23:58:20,알림,iOS,2020-04-01 20:30:56,1,"killernkj","[앱팅김] 아이폰 8인데 앱 구동하자마다 팅김 기계별로 테스트안하나.... 못쓰겠음",기타
2026-07-15 23:58:20,알림,iOS,2020-03-30 18:40:50,1,"순대인","[개인/법인 동시사용불가] 알림을 개인 또는 법인 두개중에 하나만 받을 수 있다. 개인과 법인을 두개 다 받고 싶은 사람은 불편하다. 개발자가 편한데로 개발 한 것 같다.",기타
2026-07-15 23:58:20,알림,iOS,2020-01-26 06:23:57,1,"멍구희자","[공인인증서로 인증 자체가 안되요] 비밀번호도 입력햇는데 다음 화면으로 넘어가질 않아오",로그인
2026-07-15 23:58:20,알림,iOS,2020-01-22 19:17:50,1,"휴대폰 인증번호 안와요","[휴대폰 인증번호가 안와요] 공인인증서 로그인 후 휴대폰 번호 입력하면 인증번호 안와요",로그인
2026-07-15 23:58:20,알림,iOS,2020-01-14 21:15:44,1,"every_everyday","[앱이 실행이 안됩니다] 빠른처리 바랍니다",앱 실행/오류
2026-07-15 23:58:20,알림,iOS,2020-01-12 22:06:55,1,"배영감","[알림이 안옵니다] 고쳐주세요",알림/푸시
2026-07-15 23:58:20,알림,iOS,2019-12-29 19:20:06,1,"너야어ㅓ어아","[맨날 검증 중 오류래ㅋㅋㅋㅋ수레기 어플] 맨날 2번씩 비밀번호 입력해야되네ㅋㅋ 진짜 기업은행 8년째 쓰는데 이 쓰레기 알림어플은 바뀔 생각을 안하네 이거 개발한 업체는 다른거 개발하지말아라ㅋㅋ 사용자들 혈압오른다ㅋ 어우 쓰레기들",로그인
2026-07-15 23:58:20,알림,iOS,2019-12-22 01:00:55,1,"나나니나니뇨뇽","[빨리 고쳐주세요] 기변해서 새로 깔았는데 본인인증문자 아예 안 와요 통신사 문제 아니고 스팸등록도 안 했어요 다 확인함. 고객센터 전화해도 똑같은 말만 되풀이함. 어플 문제인 것 같은데 ㅜ 제발 빨리 고쳐주세요 제발",신분증인식
2026-07-15 23:58:20,알림,iOS,2019-12-09 14:02:44,1,"김영근 1","[앱실행이 안되네요] 업글한담부터 앱진입이 안되네요 빠른해결바랍니다",앱 실행/오류
2026-07-15 23:58:20,알림,iOS,2019-12-02 07:19:52,1,"옥스키","[업데이트했는데 안들어가져요] 업뎃 후 접속안되요",업데이트 불만
2026-07-15 23:58:20,알림,iOS,2019-10-13 00:08:32,1,"킹왕짱지존여자","[아이폰 소프트웨어 업데이트 후 오류] 아이폰 xs max 유저고 어제 소프트웨어 업데이트를 한 이후 루팅이나 탈옥을 한 핸드폰에서 어플 실행이 안된다며 안켜지네요 빠른개선 부탁드립니다",앱 실행/오류
2026-07-15 23:58:20,알림,iOS,2019-10-11 02:27:02,1,"노블메트로","[알림을 알려주는 어플인데] 얼마전부터 알림이 안옴 이런쓰레기 어플이 있다니",알림/푸시
2026-07-15 23:58:20,알림,iOS,2019-10-06 22:08:09,1,"꾸미000","[비번] 검증중 오류 빨리고쳐주세요 짜증남..",앱 실행/오류
2026-07-15 23:58:20,알림,iOS,2019-09-23 21:52:20,2,"시몬116","[전화번호 인증] 여기는 은행이랑 연동 안한답니까? 폰 번호 변경을 열흘도 전에 했는데 아직도 인증이 안돼요 이게 뭐하는 짓인지 참",기타
2026-07-15 23:58:20,알림,iOS,2019-09-22 00:36:08,1,"케브마히","[왜 이러나요 진짜] 왜 안들어가지나요 한두번도 아니고 양심껏 하세요",기타
2026-07-15 23:58:20,알림,iOS,2019-09-16 07:55:37,1,"뭘까요,,","[알림] 보통 카드(체크/신용) 사용하면 알림뜨는데 언제 부터인가 알림이 뜨지도 않고 울리지도않고 뭐가 문제인가요... 해결좀해주세요..",기타
2026-07-15 23:58:20,알림,iOS,2019-09-01 09:28:30,1,"ㅂㅈㄷ기","[알림이 안와요] 푸시알림이 안오네요 아이폰 설정에서도 알림 허용되어 있고 어플 설정가서도 허용이 되어있는데 알림이 하나도 안와요",알림/푸시
2026-07-15 23:58:20,알림,iOS,2019-08-13 19:26:06,1,"아니열받네","[아니 인증을 못하게 해놨네요] 기업은행에 핸드폰번호 변경한지가 언젠데 예전 핸드폰 번호로 인증번호를 전송하고 전화번호는 바꾸지도 못하고 어떻게 쓰라는말이죠???",기타
2026-07-15 23:58:20,알림,iOS,2019-08-13 03:35:43,1,"미서집","[안깔려요] 나머진 다깔리는데 이건만 안깔리네요 무슨문제인가요",기타
2026-07-15 23:58:20,알림,iOS,2019-08-05 08:05:18,1,"중복알림","[알림 확인했는데 자꾸 중복알림] 알림 확인했는데 자꾸 중복해서 숫자떠요 확인했으면 다음엔 1이 떠야되는데 마치 확인안해서 알람이 쌓인거마냥 3 4 이렇게 중복해서떠요  고쳐주세요 빨리",기타
2026-07-15 23:58:20,알림,iOS,2019-08-03 20:54:07,2,"태평양불주먹","[휴대폰 인증번호] 휴대폰 인증번호 발송을 눌러도 문자가 전송이 오지 않습니다. 저번에 시도했을 때도 문자가 안와서 오늘 다시 해봤는데 계속 안되네요",기타
2026-07-15 23:58:20,알림,iOS,2019-07-13 04:40:33,2,"eehdro","[이전처럼 거래내역이 바로보이도록 해주세요] 거래내역 볼려면 두 단계로 들어가야해서 귀찮음",이체/거래
2026-07-15 23:58:20,알림,iOS,2019-07-09 21:28:03,1,"어너터러거누너처댜","[vpn좀 어떻게 해주세요] 기업은행 어플때도 이러더니 알림어플도 vpn때문에 어플이 켜지지도않네요 아이폰은vpn때문에 쓰지도못합니다",기타
2026-07-15 23:58:20,알림,iOS,2019-07-07 01:30:40,1,"던단","[어플을 어케 이렇게 만들지?] 개인정보 입력하는데 막혀서 다음으로 안넘어가지는데 무슨 중국에서 만들었나?",기타
2026-07-15 23:58:20,알림,iOS,2019-06-25 18:47:46,2,"뱀더블류","[휴대폰 인증번호가 안되요] 그전 아이폰6은잘됐는데 통신사하고 기기변경했는데 휴대폰 인증번호가 안옴 결석해도 안옴 얼른 해결 좀 해주세요ㅜㅜ",기타
2026-07-15 23:58:20,알림,iOS,2019-06-20 03:57:35,1,"김동식로","[아이콘이 시안성이 떨어집니다] 기존 뱅킹앱의 아이콘과 알림앱 아이콘의 모양이 비슷해서 순간적으로 구분 할때 해깔립니다",기타
2026-07-15 23:58:20,알림,iOS,2019-06-18 23:37:47,1,"Dannys'","[알림 등록이 안되네요-.,-;; 인내심 test] 알림등록을 위해 마지막까지 인증 다하고 계좌선택하고 비밀번호 설정을 하라고 하는데 비빌번호 넣고 누르면 계속 먹통..앱도 지워서 다시 깔아보고 폰도 다시 껐다가 켜보고 반복하길 10번은 더 해본듯 합니다. 비번이 오류는 아닌것 같구요 중간에서 현재 비번넣고 계속 진입했고 마지막 비번을 설정하는 단계에서의 먹통입니다. 담당자님 보시면 도와주세요",로그인
2026-07-15 23:58:20,알림,iOS,2019-06-08 21:15:01,1,"Boov111","[ㅡ] 기업은행은 어플을 계속 주기적으로 바꾸나?? 업뎃을 제대로 하던가 하지 자꾸 바뀌고 이러면 귀찮아서 쓰겠음? 바뀐것도 구리고 한번에 제대로 만들던가 이렇게 여러번 바뀌는 은행어플은 또 처음이네",기타
2026-07-15 23:58:20,알림,iOS,2019-06-06 00:43:24,1,"호호43","[마지막 인증단계에서 아무 에러 메시지도 없이 그냥 안넘어가네요...] 답답합니다...",앱 실행/오류
2026-07-15 23:58:20,알림,iOS,2019-05-24 18:37:47,1,"Moon_COD","[제발 되는어플을 만들어라..] 깔아서 인증 마지막 단계에서 안넘어감.. 월급 기업은행으로 받아야해서 쓰지만 타 은행보다 어플 젤 그지같이 만들었네",기타
2026-07-15 23:58:20,알림,iOS,2019-05-21 15:38:17,2,"와이에스디","[아이콘디자인좀 예쁘게 하면 좋겠습니다] 바뀐 아이콘이 너무 구려요 미니멀하고 깔끔한 디자인으로 할수 없을까요",디자인/사용성
2026-07-15 23:58:20,알림,iOS,2019-05-13 05:39:59,1,"며ㅑㄴ새냇요여","[쓰지마] 진짜 엄청 느리고 깔자마자 바로 삭제하게 만드는 어플입니다 들어가지지도 않아요ㅎㅎㅎ 쓰지마세요",기타
2026-07-15 23:58:20,알림,iOS,2019-05-12 23:15:58,1,"슥느싣ㅇ딩","[보기불편해요] 업댓하고 디자인은 이뻐졌는데 디자인만이쁘고 더 보기 불편해요 한도금은 어떻게 보는것?",디자인/사용성
2026-07-15 23:58:20,알림,iOS,2019-05-10 02:50:37,1,"쪄쬬","[190510 알림설정] 아이폰 xs씁니다 위젯처럼 위에 표시되는게 쌓이는게 싫어서 기업알림뜨면 바로 보고 없애는데 ... 한번더 공인인증 비밀번호를 쳐야지 표시가 없어지네요 번거로워요...전 버전은 안그랬는데 이상해졌네요",로그인
2026-07-15 23:58:20,알림,iOS,2019-05-10 01:06:46,1,"tetzzz","[공유에서 전체선택 기능] 공유에서 전체선택 기능은 왜 없앤 것인지 이해가 불가능. 안드와 다르게 가계부 어플이 자동 연동도 안되는데, 가계부 쓰는 사람들은 불편함을 당연히 감수하라는 말인지... i-one뱅크 앱도 쓴소리 한번 했더니, 수정하더만, 기은 어플 개발자들은 기본적으로 뇌가 없는 듯 함. 아님 은행거래 안하고 현금만 쓰던가",이체/거래
2026-07-15 23:58:20,알림,iOS,2019-05-08 22:26:18,1,"유723","[알람오류] 알림 확인했는데 1표시는 비밀번호 쳐서 들어가기 전까지 안없어지네요 일일이 쳐서 들어갈꺼면 굳이 이 앱 왜 쓰겠어요? 안그랬는데 업데이트 이후 완전 별로 수정해주세요!!!",로그인
2026-07-15 23:58:20,알림,iOS,2019-05-08 00:31:42,1,"밀크크라운","[푸쉬알림 숫자가 안 사라져요] 업데이트 하고 나서 알림 오면 확인 다 했는데도 숫자 알림이 안사라집니다. 로그인 새로 해야 사라지는데 너무 불편해요.",로그인
2026-07-15 23:58:20,알림,iOS,2019-05-07 23:37:59,2,"NehemiahTan","[알림표시에러] 로그인을 안하면 '1'이 안없어져유 ㅠㅠ 고쳐주세요",로그인
2026-07-15 23:58:20,알림,iOS,2019-05-06 20:48:19,1,"쫀바라기","[하이브리드 한도조회] 하이브리드 한도 조회를 어떻게 해요?업뎃떠서 다바껴가지고 뭐가뭔지 모르겟네  다해봐도 한도조회가 안되네 30만원이면 얼마를 긁고 한도 얼마남앗는지 한눈에 보여야말이죠! 수정부탁드려요 불편해죽겟네",기타
2026-07-15 23:58:20,알림,iOS,2019-05-06 00:10:10,1,"ㅗㅕㅎ허ㅑㅗㅊㅊㅎ","[아 진짜 ,,] 메모도 안되고 들어갈 때도 느리고 어떻게 사용 하라는 건지 ,,",기타
2026-07-15 23:58:20,알림,iOS,2019-05-05 19:57:39,1,"asdfhmnbvciutre","[업데이트 후 너무 불편하네요] 기존 버젼이 모기도 훨씬 좋은데 기존 버젼 못받나요?",업데이트 불만
2026-07-15 23:58:20,알림,iOS,2019-05-05 05:29:22,1,"정말 그대로네....","[이번 업데이트로 ...] 화면은 깔끔해지고 뭔가 세련된거같긴한데 최적화문제인지 눈에 띄게 느려졌네요.. 그리고 사용성도 더 불편해지고....  결론은 전보다 나아진거같지않아요.. 좀 더 노력해주시길",업데이트 불만
2026-07-15 23:58:20,알림,iOS,2019-05-03 17:00:04,1,"무료","[계좌 이름이 없어짐;;] 업데이트 된다음에 계좌이름이 표시다 안되고..계좌번호로만 나오네요~불편;;",업데이트 불만
2026-07-15 23:58:20,알림,iOS,2019-03-21 02:22:24,1,"주호빵","[실행이 안돼요] 갑자기 안되네요 얼른 고쳐주세요",앱 실행/오류
2026-07-15 23:58:20,알림,iOS,2019-03-19 00:22:53,1,"일료일","[이미 서비스 가입된 휴대폰 번호라고 뜨면...] 어떻게 해야 할까요...?  방금 앱 깔았는데....",기타
2026-07-15 23:58:20,알림,iOS,2019-03-05 19:35:38,1,"아오어어ㅓㅏ","[대체..] 아니 대체 인증번호는 언제 주나요?? 앱 사용하지 말라는 건가요? 몇 번을 지웠다 깔고 해도 인증번호는 날라오지도 않네..",기타
2026-07-15 23:58:20,알림,iOS,2019-03-04 04:45:51,1,"하아진짜싫음","[짜증나는앱] 좀 수정좀 하시죠",기타
2026-07-15 23:58:20,알림,iOS,2019-02-25 03:00:23,1,"aosbzzhr","[아유 진짜 피곤하게 생겼네] 이걸 이렇게밖에 못 만드는 이유는 뭘까. 지웠다 깔았다 인증 받았다 로그인했다 로그아웃했다 별짓을 다 해도 안 되네..",로그인
2026-07-15 23:58:20,알림,iOS,2019-02-21 01:35:48,1,"samofangel","[진짜 앱 좆같이 만들었네] 이것도 앱이라고 만들었냐? 관린 좆도 안하네",기타
2026-07-15 23:58:20,알림,iOS,2019-02-21 01:30:27,2,"간당구욤","[주기적인 버그수정과 업데이트 좀 부탁드립니다.] 주기적인 버그수정과 업데이트 좀 부탁드립니다..오류가 발생해 로그인과 화면이 로딩에서 멈추네요..",로그인
2026-07-15 23:58:20,알림,iOS,2019-02-20 01:45:24,1,"딸기쥬스님","[앱이 안열림] 아폰맥스 사용자.알람 뜨길레 터치해서 확인하려면 앱시작화면에서 더이상 안들어가짐,즉 상세내용 확인 안됨",디자인/사용성
2026-07-15 23:58:20,알림,iOS,2019-01-25 02:23:37,1,"0507비잉","[앱실행불가] 앱이 잘 되다가 갑자기 어제부터 아예 안들어가지네요 계속 톱니바퀴만돌고..",기타
2026-07-15 23:58:20,알림,iOS,2019-01-21 06:16:00,2,"카가아나나나","[미리보기 알림] 어플을 들어가지않아도 알림이 오도록 바꾸어주셨으면 좋겠습니다 ㅠㅠ",기타
2026-07-15 23:58:20,알림,iOS,2019-01-11 03:06:39,1,"하스순","[알림 미수신] 알림이 전혀 안오네요 몇달째...뭐가 문제인걸까요 ㅠㅠ",기타
2026-07-15 23:58:20,알림,iOS,2019-01-08 06:53:39,1,"쿵이쿵이","[아이폰6에서 xs 로 바꾼 후 알림이 안와요] 알림 설정 다 되어 있는데 절대 안오네요",알림/푸시
2026-07-15 23:58:20,알림,iOS,2019-01-07 07:56:25,1,"Red슬기","[왜 핸드폰 번호 입력이 안도ㅣ는거죠] 휴대폰 인증하라는데 번호가 안쳐지네요",기타
2026-07-15 23:58:20,알림,iOS,2018-12-25 23:13:18,2,"jjaseguy","[이미 등록되어 있다는데 왜 사용을 못하나요] 등록이 되어있으면 바로 잔고확인이라도 시켜주던가 등록이 되어있는데 어쩌라구요 다음단계로 넘어가지를 못하고 인증도안되고ㅡㅡ;",기타
2026-07-15 23:58:20,알림,iOS,2018-12-18 07:47:47,1,"이쁘구조아요","[핸드폰바꾸고나서 인증번호안와요ㅡㅡ] 아이폰xs로 바꾼뒤에 인증번호가안오네요 저번 아이폰은 이용잘되고 좋았는데 어서 개선부탁드립니다",기타
2026-07-15 23:58:20,알림,iOS,2018-12-17 02:25:50,1,"mm_________","[실행이안되요] 갑자기 앱실행이안되요 삭제하고 다시깔아도 그러네요 빠른조치부탁드려요",기타
2026-07-15 23:58:20,알림,iOS,2018-12-17 01:54:26,1,"어아미마유","[왜 실행이 이럽니까] 잘되다가 어플을 누르면 켜지긴 하는데 실행이 안됌 빠르게 조치좀 취해주세요",앱 실행/오류
2026-07-15 23:58:20,알림,iOS,2018-12-17 01:38:25,1,"지퍼사장","[어플 로그인 참 지랄맞네] 기업은행 어플 안이랬는데 알림들어가서 확인하려니 앱실행도안되서 겨우 실행시켰더니 로그인도안돼서팅겨 렉걸려 뭐냐이게 ㅋㅋㅋㅋ 왜만든거냐 개노답어플",로그인
2026-07-15 23:58:20,알림,iOS,2018-12-17 01:35:53,1,"왜그러나!","[왜안되죠?] ㅡㅡ와ㆍ 안되죠 계속?",기타
2026-07-15 23:58:20,알림,iOS,2018-12-13 05:35:16,1,"개그지쓰레기어플","[기기변경후 인증문자 안옴] 인증문자 왜 안오나요",기타
2026-07-15 23:58:20,알림,iOS,2018-12-05 17:22:14,1,"얌채ㅋ","[핸드폰 기기 변경해서 로그인하려니까] 핸드폰 기기 변경해서 로그인하려니까 휴대폰번호 인증이 안되요. 인증문자가 오지 않아요. 번호도 확인하고 맞는데 절대 안와요",로그인
2026-07-15 23:58:20,알림,iOS,2018-11-12 05:42:00,1,"crazyhong","[안되요 안되에~~~~] 공인인증 비번 치고 들어가는 화면에서 앱 팅김현상 사라지지가 않네요.....정말 무지 불편한 확인 앱이네요",디자인/사용성
2026-07-15 23:58:20,알림,iOS,2018-11-08 16:36:36,1,"기업으냉","[인증문자] 휴대폰 인증문자가 안와요 아이폰7 쓸 땐 잘 됐는데 노트8로 바꾸고 안되더라고요 지금은 아이폰XS쓰는데 여전히 문자가 안와요 은행가서 확인해봐도 전혀 문제 될게 없는데 왜 안오는건지 ..",기타
2026-07-15 23:58:20,알림,iOS,2018-10-12 21:29:53,1,"우너매으뉴마ㅏ타투","[비번 치면 접속 안되고 계속 튕김] 비번 치면 접속 안되고 계속 튕김 개떡같네  별점 주기싫은데 무조건 하나는 줘야하네 이딴 어플에...",앱 실행/오류
2026-07-15 23:58:20,알림,iOS,2018-10-12 01:31:36,1,"YolongE","[휴대폰인증도 안되네요] 휴대폰 인증번호도 안와서 재전송 계속 눌러도 아무반응이없네요 이따구앱이어딧습니까.",기타
2026-07-15 23:58:20,알림,iOS,2018-09-28 02:07:34,2,"iiabbe2","[인증서 로그인시 앱 강제종료 발생] 더보기 선택하여 인증서 로그인시 앱이 강제종료 됩니다. 최신 버전으로 업데이트 하여도 동일하게 발생합니다. 아이폰8+ 사용중이며 ios11.3 입니다.",로그인
2026-07-15 23:58:20,알림,iOS,2018-09-16 05:17:20,1,"요정💞","[이미가입되어있는 사용자] 이미 가입되어 있다고만 뜨고 다른 건 아예 못해요 짜증나죽겠으니까 어떻게 하는지 좀 알려주세요^^",기타
2026-07-15 23:58:20,알림,iOS,2018-09-16 03:43:01,1,"시1111일조온나커짐발","[하 이게뭔데?] 이거는뭔제 비밀번호 정확히 썻느대 틀렷다고? 하 짜증나게하네 게다가 계좌도 잠김 진짜 앱을이따구로 만드네",로그인
2026-07-15 23:58:20,알림,iOS,2018-08-29 19:53:55,2,"나나스블","[카드내역 조회안됨] 카드내역조회가 되지 않는데 해결방안을 알려주시기 바랍니다 어디다가 이야기해야 하는지? 접수할 곳도 없고 문의할 것이 없네요 확인부탁드립니다",기타
2026-07-15 23:58:20,알림,iOS,2018-08-21 03:28:15,1,"mjk998","[접속이안되네요] 갑자기 조금 전부터 접속이 안되네요",기타
2026-07-15 23:58:20,알림,iOS,2018-08-19 02:50:07,1,"돈꺼죠","[아이폰 알람] 언제 해결해주실꺼에요..?",기타
2026-07-15 23:58:20,알림,iOS,2018-07-31 03:11:33,2,"은빛ho","[아이폰 다운로드 안됩니다] 설치실패 지우고 해도 설치실패",기타
2026-07-15 23:58:20,알림,iOS,2018-07-30 18:51:48,1,"설레임0","[이미 가입된 사용자는?] 예정에 사용했던 이력이 있는가봅니다.  앱 설치하면 처음에 진핸되는 절차대로 본인인중 등을 마치고 마지막에 비밀번호 입력하면 이미 가입된 사용자라는 에러메시지가 뜹니다. 그리고는 뒤로가기 버튼 말고는 아무런 버튼이 없어서 이러지도 저러지도 못하는 상태입니다.  물어볼 데가 없어서 리뷰로 남깁니다.",로그인
2026-07-15 23:58:20,알림,iOS,2018-07-29 16:35:54,1,"씅질이빠이","[인증번호가안오네요 ㅡㅡ] 인증번호가아에 안오네요 ㅡㅡ몇번이나했는데도 안오고 뭔문제 있는건 아닌지 ㅡㅡ",기타
2026-07-15 23:58:20,알림,iOS,2018-07-24 11:12:45,1,"엉아kyj","[입출금내역에 검색조건추가요청] 입출금내역 조회할때 입금만 또는 출금만 검색가능하게 옵션추가부탁해요. 없어서 불편합니다.",이체/거래
2026-07-15 23:58:20,알림,iOS,2018-07-08 17:24:38,1,"CreativeBK","[잘 쓰고있었는데, 업데이트 이후로 꺼집니다] 업데이트 이후로 공증 로그인만 했다 하면 앱이 종료 되네요. 확인 해주세요. 너무 불안전합니다",로그인
2026-07-15 23:58:20,알림,iOS,2018-07-07 08:45:10,1,"리사심순","[인증문자가 안와요] 아이폰8플러스입니다 그 전에 아이폰으로 잘 사용하다가 기변하고 다시 쓰려는데 인증문자가 안오네요 빨리 고쳐주세요 이런 경우 나뿐만 아닌 것 같은데",기타
2026-07-15 23:58:20,알림,iOS,2018-06-25 04:07:29,1,"Icalos1","[앱] 앱 관리도 안하나요? 실행을 하면 진행이 안되요. 짜증나네요. 은행을 바꿔야 하나",기타
2026-07-15 23:58:20,알림,iOS,2018-06-17 05:17:48,1,"seungbeom'","[신용카드 결제 내역이 안떠요] 입출금 내역은 이상없이 잘 뜨는데... 신용카드 결제 내역이 하나도 안떠요 (결제할때 알람은 잘 뜨는데 내역만 안떠요)",이체/거래
2026-07-15 23:58:20,알림,iOS,2018-06-14 17:39:36,1,"에이미9090","[인증번호가 안 와요!!] 휴대폰 인증번호 전송 며칠을 눌러도 폰으로 문자가 안 와요!! 타은행 인증번호는 잘 오는데!! 이상하네요!! 폰 번호를 확인해봐도!! 번호는 제대로 등록돼있습니다!! 답답하네요!!",기타
2026-07-15 23:58:20,알림,iOS,2018-06-07 10:43:29,1,"어민두어","[휴대폰 인증부분에서 번호가 안써져요] 저번에도 그러더니 이번에도 번호 쓰는칸에 아예 터치가 안되네요 답답해 죽을꺼같아요.. 대리점에서도 이 어플 쓰라는데 어떻게해야하죠",기타
2026-07-15 23:58:20,알림,iOS,2018-06-07 02:55:05,2,"Annie lemon","[공유에 카톡이 왜 없나요????] 공유하기에 카톡이 왜 없나요??  앞으로도 추가 안하실껀가요???",기타
2026-07-15 23:58:20,알림,iOS,2018-06-01 03:29:19,1,"내닌느","[알림이 안와요!!!!!] 뭐에요..기업은행 처음 쓰는데 다른어플도 다 깔고 알림받고싶어서 이 어플도 깔았는데 국민은행은 착착 잘 오는데 이건 뭐에요?????? 알림안와서 돈들어왔었는지도 몰랐잖아요!!!!!!",알림/푸시
2026-07-15 23:58:20,알림,iOS,2018-05-29 20:55:59,1,"나도꼼쑤하고싶다","[공유기능] 별 5개 짜리 공유 기능이 이번 업데이트를 하면서 카카오톡 공유를 없애 버리셨네요. 다시 넣어주세요. 사람들이 가장 많이 이용하는게 카카오톡인데 있던 기능을 없애 버리니 영불편합니다. 너무 상업적으로만 이용하게끔 하시네요.",업데이트 불만
2026-07-15 23:58:20,알림,iOS,2018-05-18 09:41:06,1,"sidffj","[sms인증을하라면서] 전화번호를칠수도없게하면어쩌란겁니까",기타
2026-07-15 23:58:20,알림,iOS,2018-05-12 10:48:51,1,"개선좀하면좋겠네 ?","[알림이 안뜸] 처음에 한번 알림뜨고 그 후부턴 하나도 안뜸",알림/푸시
2026-07-15 23:58:20,알림,iOS,2018-04-25 21:41:21,1,"ctj012","[접속이 안돼요] 이번주부터 계속 위변조 검증중으로 접속자체가 안되네요. 이런적은 처음인데, 빨리 확인후 정상적으로 접속될수 있도록 해주세요~! 기업은행 앱도 잘 접속이 안되는데 확인 부탁드려요~",기타
2026-07-15 23:58:20,알림,iOS,2018-04-14 20:56:11,1,"오창주민","[개인, 법인 두개하려면 어찌하죠?] 하나만 되나요?",기타
2026-07-15 23:58:20,알림,iOS,2018-03-24 21:21:38,1,"bebe~bebe~","[검색어 입력 왜 있나요?] 기간 설정하고 검색은 되는데 검색어 설정하면 아무것도 안뜨네요 입금자명 검색하면 나와야 하는 거 아닌가요????",이체/거래
2026-07-15 23:58:20,알림,iOS,2018-02-23 06:09:30,2,"뜬구름잡기","[편리하긴한데요] 열번중 두번정도만 접속이 되네요 에러 나는건 빨리 업데이트 해주세요 너무 짜증납니다",앱 실행/오류
2026-07-15 23:58:20,알림,iOS,2018-02-10 20:17:52,1,"아아이ㅏ","[앱 위변조 언제까지?] 어플을 쓰라는건지 말라는건지 앱 위변조 오류 자꾸나요 아예 들어가지지도 않고",앱 실행/오류
2026-07-15 23:58:20,알림,iOS,2018-02-10 02:00:58,1,"ㅅㅂ 업뎃하는거냐?","[쓰레기어플] 뭐만 하면 위변조 오류떠서 아무거또모따죠 ㅋㅋㅋ",앱 실행/오류
2026-07-15 23:58:20,알림,iOS,2018-02-02 21:53:48,1,"ㅈ으이구","[SMS인증문자안옴] 그전에는 잘쓰고잇다가 핸드폰고장나서 새로다운받앗는대 문자가안와서 인증을못받고잇어요ㅡㅡ고쳐주세요",기타
2026-07-15 23:58:20,알림,iOS,2018-02-01 11:27:19,1,"떡꾼이","[아이폰X 미지원] 아이폰X가 국내에 출신된지 시간이 꽤흘렸습니다. 근데! 아직도 최적화업데이트가 안된건 문제가 있는거 아닙니까? 신속한 최적화 업데이트 부탁드립니다!!",업데이트 불만
2026-07-15 23:58:20,알림,iOS,2018-01-24 00:04:53,2,"사람들다","[앱 위변조 네트워크 에러] 이 현상이 생각보다 좀 된 것 같은데 아직도 해결이 안되네요. 급한데 들어갈때마다 어플을 다시 깔고,인증을 다시 해야됩니다..얼른 고쳐주세요",앱 실행/오류
2026-07-15 23:58:20,알림,iOS,2018-01-22 23:06:17,1,"aslklkl","[아이폰x] faceID 로그인 가능하게 해주세요.",로그인
2026-07-15 23:58:20,알림,iOS,2018-01-22 19:31:04,1,"yyeeoo9087","[이걸쓰라고 만들어놓은건지 참..] 이러니 다들 카카오뱅크를 쓰지.. 어쩔수없이 회사때문에 울며겨자먹기로 싫어도 기업 쓰는거지만 맨날 오류라서 열리지도 않는 알림 앱을 뭣에 쓰라고 만들어 놓았는지 쯧쯧..",앱 실행/오류
2026-07-15 23:58:20,알림,iOS,2018-01-21 22:02:31,1,"얩둥이","[앱 시동시 위변조검사 어쩌고 하면서 튕김] 매번 앱을 처음 켜면 위변조검사 어쩌고 하면서 튕김. 그 후에 다시 켜면 정상작동함. 앱을 켤때마다 검사하다가 튕겨버리면 어쩌라는건지?",앱 실행/오류
2026-07-15 23:58:20,알림,iOS,2018-01-21 08:03:34,1,"틐별시","[왜 새로 깔아도 자꾸, 몇번째인지] 왜 새로 깔아도 자꾸, 몇번째인지 핸드포번호 변경 되었다고 새로 가입 하라는데!!!! 이게 8번 째라 불안해서 앱 삭제후 새로 깔기 합니다. 지겹습니다.",기타
2026-07-15 23:58:20,알림,iOS,2018-01-08 23:50:26,1,"은혈랑","[갑자기 실행안됨] 무한 로딩이 뜸...",속도/성능
2026-07-15 23:58:20,알림,iOS,2018-01-08 17:48:08,1,"암어마들","[어플 위변조 검사 좀 작작해] 프로그램 위변증 검증 중 에러가 발생했습니다  오류메시지 자꾸 뜨는데 제발 위변증 검산지 검증인지좀 적당히하고 어플 진입 좀 시켜줘요 이건 뭐 티켓팅하는것도 아니고 며칠째 제대로 잔고 확인도 못 하고 이게 뭡니까 (죄송합니다 제가 지금 몸살나서 만사가 다 짜증나 아오)",앱 실행/오류
2026-07-15 23:58:20,알림,iOS,2018-01-07 21:15:49,1,"웅에엥","[인증번호알림] 로그인할때 계좌번호, ONE아이디, 공인인증서 세개다 로그인하는데 왜 인증번호알림이안오나요?",로그인
2026-07-15 23:58:20,알림,iOS,2018-01-01 22:27:04,1,"알라라라라","[접속이 안됨!!!] 갑자기 접속이 안됨??? 왜이래 이거 ㅡㅡ",기타
2026-07-15 23:58:20,알림,iOS,2017-12-30 05:25:29,1,"닉네임 보쉬맨","[알림] 얼마전부터 입/출금시 알림이 안됩니다 빠른 업데 부탁드립니다 아이폰6+ 안 와요",알림/푸시
2026-07-15 23:58:20,알림,iOS,2017-12-28 06:30:02,1,"담ㄴㅁㅁ","[알림이안떠요] 갤럭시에서 아이폰으로 바꾸고나서 알림이안떠요 어떻게해야되나요",기타
2026-07-15 23:58:20,알림,iOS,2017-12-22 17:57:06,1,"양뜨발","[아이폰x인데 알림이 안떠요] 알림 기능들은 다 켰는데 알림이 전혀 없네요ㅡㅡ 푸쉬도 없고 앱표기도 없고ㅡㅡ",알림/푸시
2026-07-15 23:58:20,알림,iOS,2017-12-21 01:12:36,1,"TrpleO","[아이폰x 화면지원 부탁드립니다] 앱 개발이 너무 늦네요",디자인/사용성
2026-07-15 23:58:20,알림,iOS,2017-12-18 15:25:51,1,"Cjfidjvi","[아] 왜알림안오는건가요 갑자기ㅡㅡ",기타
2026-07-15 23:58:20,알림,iOS,2017-12-08 03:07:05,1,"remainJun","[전화번호바꾸고 예전번호로 강제 인증하라고] 전화번호바꾸고 예전번호로 강제 인증하라고 뜨는데  네 저도 알람 안오길래 다시 깔았더니 이모냥이네요  어따 전화하죠 이거 주말인데",기타
2026-07-15 23:58:20,알림,iOS,2017-12-03 17:41:38,1,"티킨","[알림 어플이 알림이 안된다] 어쩌라는거냐 이거는 알림 안되면 와 쓰냐 이거 좀 고쳐라",알림/푸시
2026-07-15 23:58:20,알림,iOS,2017-12-01 04:03:24,2,"첼레스타","[알림이 오지 않습니다.] 안온지 한두달쯤 된거같은데.. 알림앱이 알림이 안오면 의미가 없지 않나요? ios 업뎃하면서 그런거같은데 빨리 고쳐주셨으면 좋겠습니다.",알림/푸시
2026-07-15 23:58:20,알림,iOS,2017-11-10 19:07:24,1,"삼공주Papa","[앱 실행시 바로 열림] 지문인식해서 로그인 하도록 설정 해 놓았는데요 로그인 화면이 안 나오고 바로 들어가지네요 더 보기를 누르면 그때서 로그인 화면 나옵니다 개선이 필요하네요",로그인
2026-07-15 23:58:20,알림,iOS,2017-11-09 20:38:04,1,"aliciajjo","[알림문자가 안와요 요즘] 알림문자가 안와요 요즘",기타
2026-07-15 23:58:20,알림,iOS,2017-11-08 04:47:40,1,"라비애벨","[아이폰8은 안되네요!!] 6s까지 잘쓰고 있었는데 어제 폰을 8로 바꾼후부터 알림이 오지않아요ㅠㅠ",기타
2026-07-15 23:58:20,알림,iOS,2017-11-07 01:25:38,1,"류승묵","[알림안울림..] 나만그런가요??",기타
2026-07-15 23:58:20,알림,iOS,2017-11-03 01:41:15,1,"유즈리아","[로그인안됨] 로그인안됨 위변조 어쩌궄 네트워크오류 어쩌구하면서 계속 로그인안됨..  어쩌자는건지",로그인
2026-07-15 23:58:20,알림,iOS,2017-10-23 02:01:42,2,"baz kim","[알림문자가 잘 안와여] 예전엔 바로바로 왔었는데..잘 안와요 언제부턴가 알림설정에도 다 ON으로 되어있는데",기타
2026-07-15 23:58:20,알림,iOS,2017-09-27 18:39:24,1,"설리안티","[노답] 왠만하면 리뷰 안쓰는 사람인데 이건진짜  프로그램 개발 자체를 너무 못했네요 ㅋㅋ",기타
2026-07-15 23:58:20,알림,iOS,2017-09-26 20:10:24,2,"Mookymookymooky","[채권 계좌 조회 안됨] 채권 계좌들은 왜 조회가 안되나요 적립식 채권도 적금이나 마찬가지인데 같이 조회되면 좋겠습니다",이체/거래
2026-07-15 23:58:20,알림,iOS,2017-09-25 05:32:16,1,"시네수","[알림] 입출금 알림이 왜 안뜨죠",이체/거래
2026-07-15 23:58:20,알림,iOS,2017-09-08 04:21:04,1,"아이라우투","[업뎃후] 지문인식이 안됨.. 여기만 그런게 아니라 국민도 그러던데 단체로 무슨 일 남? 아니면 내 폰 이상한가.. 잠금햐제는 잘만 되는데 은행 어플들만 이러네요",로그인
2026-07-15 23:58:20,알림,iOS,2017-09-05 19:22:16,1,"newarmis","[업뎃 후 앱실행이 안되요] 빨리 조치해 주세요",앱 실행/오류
2026-07-15 23:58:20,알림,iOS,2017-08-24 18:12:09,1,"Badakkkk","[아니 왜 안들어가져요?] 앱에 접속이 안돼요...나만 그래요..? 지웠다가 다시 깔아도 안들어가짐;;;",기타
2026-07-15 23:58:20,알림,iOS,2017-08-24 02:52:39,1,"이천낚시","[세션이종료되었습니다] 세션이종료되었습니다(9999) 이거뭔가요;",기타
2026-07-15 23:58:20,알림,iOS,2017-08-21 19:11:34,1,"엠씨티","[세션이 종료되었습니다(9999) 라고 나오며 로그인이 안됩니다] ??어떡해하라고요?",로그인
2026-07-15 23:58:20,알림,iOS,2017-08-11 18:11:05,1,"대보딩지","[알람 왜안울려] 잘되다 이제는 아에 안울리네?뭐하냐 너네?",기타
2026-07-15 23:58:20,알림,iOS,2017-08-10 02:18:28,1,"가눙이","[아이폰에서 팅김] 아이폰에서 어플이 계속 팅기는데 수정해주세요~~",기타
2026-07-15 23:58:20,알림,iOS,2017-08-09 23:14:25,2,"아핫설","[업데이트] 업데이트좀해주세요 알림도안뜨고 잔액도볼수있게",업데이트 불만
2026-07-15 23:58:20,알림,iOS,2017-07-06 17:47:15,1,"Thyeardoall","[비번입력 창이 안 떠요!!] 처음실행시에는 뜨나, 다른 앱 실행후에 다시 열면 비번 입력창이 안 뜨고 그냥 열립니다. 이전에는 비번입력창이 떴었는데 왜 안뜨는지? 수정해주세요..",기타
2026-07-15 23:58:20,알림,iOS,2017-05-21 03:28:08,1,"사람47","[나만 휴대폰번호치는곳 막혀있나?] 휴대폰번호치는곳이 막혀있어서 인증도 못하네요",기타
2026-07-15 23:58:20,알림,iOS,2017-05-21 02:07:06,1,"대박이에여~~","[알람이 뜨지 않아요] 알람이 뜨질 않아요 개선 좀 해주세요",기타
2026-07-15 23:58:20,알림,iOS,2017-05-18 22:52:13,2,"123:ㄷ","[알람표시] 갑자기 알람이 뜨질 않네요 저만그런건지 오류인지 확인해주세요",앱 실행/오류
2026-07-15 23:58:20,알림,iOS,2017-05-13 21:28:43,1,"응내","[거지같음] Ui ux 디자이너 누군지 모르겟지만 ㅋㅋㅋ 기업은행같은 큰 은행에서 앱을 진짜 어떻게 이렇게 만들지.. 사용내역에대한 업데이트도 느리고.. 카드 연회비 너무 아깝네요. 1년쓰고 해지해야지",업데이트 불만
2026-07-15 23:58:20,알림,iOS,2017-05-08 19:48:26,1,"새머리","[업글하고부터] 튕겨요",앱 실행/오류
2026-07-15 23:58:20,알림,iOS,2017-05-07 19:54:19,1,"ㄱㅅㅎㄱㄷㄹ","[휴대폰인증] 어플 사용해 보지도 못하고 첨부터 막힘 휴대폰 인증 할려는데 인증 문자가 전송이 안되요",기타
2026-07-15 23:58:20,알림,iOS,2017-05-03 09:13:21,1,"po짐승wer","[.] 전체적으로 무난합니다만 카드 알림 기본 옵션이 꺼짐이라 제대로 엿먹었습니다 3.5만원 날려먹게 해주셔서 참 감사하네요 해외 결제시 달러로 뜨지 않고 원화로만 뜹니다 둘다 뜨던가 달러로 뜨는걸 원합니다",앱 실행/오류
2026-07-15 23:58:20,알림,iOS,2017-04-24 06:57:41,1,"고소고소미","[아이폰 지문인식] 잘 만 쓰고있던 아이폰 지문인식으로 풀던 암호가 갑자기 지원을 하지 않는다고 뜨면서 지문으로 못풀게 되었어요 이거 왜이러는거죠;;",인증/보안
2026-07-15 23:58:20,알림,iOS,2017-03-30 18:09:26,2,"우동장","[구매내역삭제좀요] 구매내역삭제좀요",기타
2026-07-15 23:58:20,알림,iOS,2017-03-29 22:49:05,1,"오류당","[앱오류 너무 심해요] 이 앱이랑 다른 앱들이랑 충돌하는갓 같습니다 이미 알림이 온거고 확인한건데 계속 울려요 심지어 이 앱을 삭제했는데도 같은 알람이 반복적으로 떠요 카톡도 같이 오류가 납니다",앱 실행/오류
2026-07-15 23:58:20,알림,iOS,2017-03-27 07:39:27,1,"밥진","[인증문자가 안와요] 기업인증을 받으려 하는데 문자가 안와요 기존 안드로이드용 사용하다 아이폰 왔습니다 빨리 확인 해 주세요",기타
2026-07-15 23:58:20,알림,iOS,2017-03-27 07:20:30,1,"땅꼬오18","[구매목록 삭제해주세요] 구매목록 삭제해주세요",기타
2026-07-15 23:58:20,알림,iOS,2017-03-25 18:09:49,1,"익갉ㄱㄹㄹ","[알람안떠요] 여태 잘되다가 한달전쯤인가 얼마전부터 안떠요",기타
2026-07-15 23:58:20,알림,iOS,2017-03-25 18:04:18,2,"쑤심","[결제내역] 아이폰 결제내역 삭제하는 기능좀 만들어주세요",이체/거래
2026-07-15 23:58:20,알림,iOS,2017-03-25 00:18:50,1,"우또또","[작동안함] 작동안함",기타
2026-07-15 23:58:20,알림,iOS,2017-03-15 14:50:43,2,"모나리쟝","[알림이안떠요...] 잘쓰고있었는데 알림이갑자기안떠요 해결해주세요",기타
2026-07-15 23:58:20,알림,iOS,2017-02-27 09:40:07,1,"김대호84","[알림이 안와요~~] 처음 버전에선 입출금 알림이 바로바로 떴는데 새롭게 바뀌면서부터 알림이 전혀 안떠요~ 앱 실행시키면 알림 숫자가 표시되고 실행 안시키면 숫자도 안떠요~ 이 부분 빨리 수정 좀 해주세요~",알림/푸시
2026-07-15 23:58:20,알림,iOS,2017-02-21 23:13:24,1,"기미똥","[알림이 언제부터인가 오지 않습니다.] 사용 알림 서비스 때문에 사용하는데 어느 순간부터 알림이 전혀 오지 않습니다...해결 방안 없을까요?",기타
2026-07-15 23:58:20,알림,iOS,2017-02-09 18:02:22,1,"쯔옌","[알림이 안와요] ㅡㅡ 언젠가부터 알림이 안와요  알림어플맞나요;;;",알림/푸시
2026-07-15 23:58:20,알림,iOS,2017-02-04 03:19:12,2,"ㅎㅎ호재머","[구매목록삭제부탁해요] 구매목록삭제부탁해요",기타
2026-07-15 23:58:20,알림,iOS,2017-02-04 01:48:10,1,"Lem0nAd2","[갑자기 이게 뭔가요 ㅡㅡ] 갑자기 지문을 계속 못읽더니 아예 지문로그인이 비활성화되더니 안열리는건 무슨 심보입니까 ㅡㅡ 삭제하고 다시깔아도 그대로고 설정에서도 로그인방식 3개뿐이고ㅡㅡ",로그인
2026-07-15 23:58:20,알림,iOS,2017-01-31 22:46:24,1,"수봉봉유유","[아니 검색이 안되는데] 누구누구 입금 내역 확인 좀 하려고 햇더니 하나도 안뜨네요... 써야하나 말아야하나 고민되네",이체/거래
2026-07-15 23:58:20,알림,iOS,2017-01-31 17:17:59,1,"허이우이에에이다낭","[알람이 안 울립니다] 리뷰창 보니 많은 분들이 불편함을 겪고 있는 것 같은데 개선 할 생각 없으신가요..? 한 달 전부터 알람이 울리지가 않습니다. 빠른 시일 내에 문제 해결해 주시길 바랍니다.",기타
2026-07-15 23:58:20,알림,iOS,2017-01-23 14:44:14,1,"혠.오리지날","[알림문제해결해주세요] 알림왜안뜨나요? 알림때문에 사용하는건데 빨리 수정해주세요",기타
2026-07-15 23:58:20,알림,iOS,2017-01-22 16:59:19,2,"썩은메가박스","[갑작스런오류] 이제껏잘썼는데 어느순간부터 어플실행하면 프로그램위변조중 에로가 발생하였다며 네트워크오류로 인해 접속이 지연되고 있다고 뜹니다 지우고다시깔아봤지만 똑같은현상이 지속됩니다 ㅡㅡ 오류수정바랍니다",앱 실행/오류
2026-07-15 23:58:20,알림,iOS,2017-01-02 23:41:00,1,"clamyxx","[알림이 안옵니다.] 잘쓰다가 어느순간부터 알림이 안오네요. 굉장히 편한 어플인데 수정 업데이트 바랍니다. 알람받으려고 쓰는건데",알림/푸시
2026-07-15 23:58:20,알림,iOS,2016-12-25 07:49:29,1,"아리하우","[알람이안와여] 왜 알람이안오져 설정은 다 알람으로 해놨는데 알람이 하나두 안오네용 ㅠㅠ",기타
2026-07-15 23:58:20,알림,iOS,2016-12-18 07:23:44,1,"혀쳧채ㅣㄹㄴ큐ㅜㅇㄷ","[업데이트가 안뜨는데요;;] 어플은 안들어가지고 업데이트하라고하고 업뎃은 안뜨고 뭔가요;;;;;",업데이트 불만
2026-07-15 23:58:20,알림,iOS,2016-12-15 05:56:35,1,"아코르루미튜","[어플실행불가] 어플실행시 업데이트후 이용하라고 스토어 창이 열리는데 업데이트는 할수없고 열기창으로만 떠서 누르면 업데이트 하라고만 뜨고 반복되는데 너무불편합니다 빠른 개선 해주세요 저만 그런게 아닌거 같네요",업데이트 불만
2026-07-15 23:58:20,알림,iOS,2016-11-24 23:24:38,1,"도비수비슈비","[인증문자가 안옵니다] 사용하고 싶지만 인증번호가 안와서 못쓰고 있습니다. 시정 바랍니다.",기타
2026-07-15 23:58:20,알림,iOS,2016-11-14 19:11:42,1,"우측돌파","[알림내역삭제] 우린은행은 있는데 이건왜없어요  불편하게",기타
2026-07-15 23:58:20,알림,iOS,2016-11-13 06:25:05,1,"언눙","[구매내역 삭제해주세요] 구매내역 삭제해주세요",기타
2026-07-15 23:58:20,알림,iOS,2016-11-08 03:08:02,1,"NoBung","[알림어플인데] 알림이 안와요 설정도 다했는데 알림이 전혀 안뜨네요",알림/푸시
2026-07-15 23:58:20,알림,iOS,2016-11-01 10:37:08,2,"moon996437","[구매내역삭제] 구매내역삭제부탁드립니다",기타
2026-07-15 23:58:20,알림,iOS,2016-10-27 08:34:49,1,"Lskeun","[구매내역삭제] 구매내역삭제",기타
2026-07-15 23:58:20,알림,iOS,2016-10-24 08:30:52,1,"빅스vix","[개발자야] 당신은 실제 계좌가지고 쓰보고있나? 그냥 어플설계만 해서 구동확인만 하는거?  고객센터에 여러분들이 항의 전화 해야 반영될겁니다.  여기서 아무리 소리쳐도 안들린다는... 좀 더 자주 항의전화 해야겠습니다. 비번을 내가 선택해서 넣든가 빼든가 하는거지 불편하게 니들이 왜 강제로 비번넣게해? 송금하냐??",이체/거래
2026-07-15 23:58:20,알림,iOS,2016-10-23 05:30:04,2,"ㅇㄹ/-","[푸시알림에 잔액표시되는 기능] 푸시알림에 입출금 금액만 뜨는데. 잔액표시도 되는 기능이 있었으면좋겟네요",알림/푸시
2026-07-15 23:58:20,알림,iOS,2016-10-18 07:55:08,1,"란데르트","[업글 튕김] ios10 튕깁니다 업글 필슈임",앱 실행/오류
2026-07-15 23:58:20,알림,iOS,2016-10-13 22:29:38,1,"최고최소","[아이폰7에서 계속 튕김] 업데이트 시급",앱 실행/오류
2026-07-15 23:58:20,알림,iOS,2016-10-12 17:11:52,1,"Oomail","[튕김] 여전히 튕김",앱 실행/오류
2026-07-15 23:58:20,알림,iOS,2016-10-03 19:15:39,2,"순둥이87","[10.1 사용중인데 원알림 접속되지않고 팅기네요] 현상 수정 부탁드립니다",기타
2026-07-15 23:58:20,알림,iOS,2016-09-30 01:43:37,1,"핑거짱","[업데이트후 푸시알림이 안옵니다] 지문인식 로그인 등등..정말 편하게 잘쓰고있었는데 업데이트 후 푸시알림이 안오네요   수정 바랍니다",로그인
2026-07-15 23:58:20,알림,iOS,2016-09-25 17:26:39,1,"딩굴댕굴동글이","[아이폰 10.0.2 업데이트후 실행불가] 긴급 수정이 필요한 듯 합니다 어여 수정 부탁 드립니다",업데이트 불만
2026-07-15 23:58:20,알림,iOS,2016-09-25 15:21:27,1,"하이헬로안녀엉","[일처리좀 제발] 들어가지지가 않아요 업데이트 이후 제발 일처리 똑바로 합시다?",업데이트 불만
2026-07-15 23:58:20,알림,iOS,2016-09-25 13:06:51,1,"호이호이이이니","[업데이트] 아이폰 업데이트 빨리 합시다",업데이트 불만
2026-07-15 23:58:20,알림,iOS,2016-09-25 08:22:05,1,"이영송","[어플 오류] 업데이트 이후 안열려요 에러코드 0033",앱 실행/오류
2026-07-15 23:58:20,알림,iOS,2016-09-25 06:51:00,1,"야무지게퍼","[아이폰10.0.2버전 호환이 안됨] 자주 이용하는데 들어가지 못합니다.",기타
2026-07-15 23:58:20,알림,iOS,2016-09-25 05:39:15,1,"서준기철TOP","[오류] 아이폰 업데이트이후 안되네요ㅠㅠㅠ",앱 실행/오류
2026-07-15 23:58:20,알림,iOS,2016-09-24 07:54:23,1,"XELPINE","[왜 ios 10.1에서 안되게 막아놨나요? ㅡㅡ] 개발때문에 사용해야되는데..얼른 풀어주세요",기타
2026-07-15 23:58:20,알림,iOS,2016-09-24 02:41:32,1,"Asfdgqkworydvxbxbkslwlwhdvf","[번호변경후] 번호변경후 본인인증을 하려는데 자꾸 예전 번호로 인증하라는데 바뀐 번호라는 어떻게 등록 하나요?",신분증인식
2026-07-15 23:58:20,알림,iOS,2016-09-24 02:40:34,1,"한말","[ios10 버전 지원해주세요] iosq10 업뎃이후 앱 이용이 불가능 하네요",기타
2026-07-15 23:58:20,알림,iOS,2016-09-23 22:11:53,1,"고르곤졸라 스파게티","[아이폰 10.0.2버전이랑 호환이 안됩니다] 실행이 안돼요ㅡㅡ",앱 실행/오류
2026-07-15 23:58:20,알림,iOS,2016-09-23 21:34:49,1,"콘데코마","[ios 10.0.2 업데이트 해주세요!!] ㅇㅇ",업데이트 불만
2026-07-15 23:58:20,알림,iOS,2016-09-23 21:07:01,1,"아린이는짱아린","[지원하지 않는 버전] 업데이트 해줘",업데이트 불만
2026-07-15 23:58:20,알림,iOS,2016-09-19 10:54:27,1,"무료앱은개뿔 니눈깔은 유료무료 구분못하니","[입출금 알림이 도대체 되는거에요 안되는거에요] 이게 돈안내고 입출금 알림 쓸수있다그래서 어플 받았는데 알림이 전혀 안되네요  그냥 문자 건당 돈 내고 쓰는게 날듯",이체/거래
2026-07-15 23:58:20,알림,iOS,2016-09-18 23:11:04,1,"kdkhw","[;;;;;;;;] 아니왜 알림어플인데 알림이안와여",기타
2026-07-15 23:58:20,알림,iOS,2016-09-01 01:09:03,1,"woorimaum","[기능강화가 아니라 해상도 부터 지원 좀] 해상도 지원 좀 해주세요.",기타
2026-07-15 23:58:20,알림,iOS,2016-08-16 21:06:34,1,"뤠앙","[계속 팅겨요~~~] 아이패드에서 잘쓰고 있었는데... 잔고 입출금 내역 들어갈때 계속 팅기네요... 빨리 수정좀 부탁드려요...",이체/거래
2026-07-15 23:58:20,알림,iOS,2016-08-11 20:57:14,1,"거만신공","[폰인증이안되요] 업데이트된후 사용하기 너무 불편해졌네요 이전에 폰 초기화되서 다시 다운받아설치했는데 왜 폰번호 가 예전번호가 등록이 되있는지 인증을 할수가없어서 설치해놓고 사용할수가 없네요",업데이트 불만
2026-07-15 23:58:20,알림,iOS,2016-08-09 16:01:24,1,"망한 어플","[제발 업데이트좀 하던가 없애던가] 어플에서 바로 튕겨버리네",앱 실행/오류
2026-07-15 23:58:20,알림,iOS,2016-08-01 19:11:37,2,"계속 블루투스 ..","[바뀐애뷰ㅠㅠ] 간편하게 보기 좋았는데 너무 복잡해진 느낌이 들구요..그리고 카드 한달치사용 금액 표시되던거 다시 넣어주세요 ㅠㅠ",디자인/사용성
2026-07-15 23:58:20,알림,iOS,2016-07-31 00:56:54,1,"OH0625","[잘 쓰던 앱을 왜 개발비 들여 시간낭비해서] 이딴앱으로 버전업 하는거냐  온통 위 중간에 상품광고 쳐껴놓고  지출또는 입금에서 검색도 안되고  제발 만들어놓고 너네가 좀 써봐라  진짜 성질이 난다   예전버번꺼 갖다놓고 너네가 제발 하루라도 써보라고",업데이트 불만
2026-07-15 23:58:20,알림,iOS,2016-07-29 19:53:48,1,"쩡남자","[너무 불편해졌어요] 바뀌고나서 내가 사용한날부터 결제일까지의 금액을 한눈에 볼수가 없고 일일이 사용자가 체크해서 더하는 부분 진짜 너무 불편하네요 왜 이딴식으로 만들엇는지 이해안됨 별하나도 아까움",이체/거래
2026-07-15 23:58:20,알림,iOS,2016-07-28 20:00:06,1,"만두의왕자","[실행 안되고 오류납니다] 어느순간부터 검색 기능이 없어져서 불편하던중 혹시나하고 업데이트 했더니 위변조검증 실패했다는 해시에러 나고 사용할수가 없습니다; 껏다켜도 재설치해봐도 그렇네요ㅠ",앱 실행/오류
2026-07-15 23:58:20,알림,iOS,2016-07-28 04:46:18,1,"Nero pomum","[업데이트이후로 카드내역확인이.....] 카드내역확인이 힘드네요",업데이트 불만
2026-07-15 23:58:20,알림,iOS,2016-07-28 01:08:29,1,"생색내기어이없음","[어쩔수 없이 씁니다] 업데이트 하고 싶지 않지만 무조건 업데이트 됩니다. 기존 메모 다사라지며 기존 거래 내역도 더이상 보이지 않습니다. 카드도 두개 등록 했는데 한개는 보이지도 등록도 안됩니다.   사용내역만 알림 표시 됩니다.  입금자 검색도 제대로 안됩니다 매번 업데이트 될때마다 메모 다사라져 불편 했는데 이번것은 최악이네요.  검색도 제대로 안되니까요.",업데이트 불만
2026-07-15 23:58:20,알림,iOS,2016-07-27 01:21:30,1,"난돈","[이전버전으로돌려주세요] 지금버전은사용하기가 불편합니다 누가디자인한건지 이전버전은사용안해보셨나봅니다",디자인/사용성
2026-07-15 23:58:20,알림,iOS,2016-07-26 15:31:50,1,"IISKII","[카드기록보려고하면 팅겨요] 이번에 업데이트되고나서 카드사용내역 보려고하니 계속팅기내요",업데이트 불만
2026-07-15 23:58:20,알림,iOS,2016-07-26 11:12:18,1,"맘에안들어서리뷰","[최근 업데이트 이후 마음에들지않아요] 깔끔하게 업데이트 한건 좋은데 입출금시 알람에서 정말 입출금 만 뜨고 현재잔액도 같이 나오면 좋은데  번거롭게 눌러서 봐야하는 불편함이 있네요",업데이트 불만
2026-07-15 23:58:20,알림,iOS,2016-07-22 14:59:34,1,"씨로보롱","[내역삭제버튼] 입출금내역 삭제 어디로갔음 보이지도 않고 앱도 불편함 삭제버튼 만들어줘여",이체/거래
2026-07-15 23:58:20,알림,iOS,2016-07-20 05:54:01,1,"대표24","[욕나옴] 짜증남.  UI가 이뻐졌지만 사용이 불편해짐. 이번 어플 개편에. PM이나 개발자 징계좀 주셨음 함 열받아... 이거 작성하려고 로그인함",로그인
2026-07-15 23:58:20,알림,iOS,2016-07-19 07:30:39,1,"qldqld91","[구매내역] 꼭좀 부탁드려요",기타
2026-07-15 23:58:20,알림,iOS,2016-07-17 07:05:31,1,"환경공학","[진짜 별로입니다] 너무 불편해 졌네요 계좌별로 보는거 말고 한번에 입출금내역은 볼수는 없나요? 그리고 계좌별 별칭설정하는것도 없어진거죠?   조금씩 다금어주면 좋은 어플이 될수 있을꺼 같은데 지금은 망작이네요 너무너무 불편합니다 진심으로...",이체/거래
2026-07-15 23:58:20,알림,iOS,2016-07-17 06:23:26,1,"머이따구냐","[더 안좋아 졌네요] 1.카드 사용금액의 총금액 전체 선택도 안되서 하나하나체크 해야되고 2.카드내역 구분만되고 상세 내역은 안보이고 3.체크카드내역 결제하고 취소하고 결제했는데 결제한내역 빠져서 보이고",이체/거래
2026-07-15 23:58:20,알림,iOS,2016-07-15 20:32:41,1,"토토!!!!","[불편!!! 최고봉] 사용자는 배타테스터가 아닙니다. 업데이트도 안하고 몇번을 건의했는데그냥 닥치고 쓰라는거네요.",업데이트 불만
2026-07-15 23:58:20,알림,iOS,2016-07-15 20:11:16,1,"전버전이더좋아요","[너무 복잡해졌어요] 업데이트를 했더니.. 계좌번호에 있던 별칭도 사라지고 뭔가 불편해졌어요. 계좌별 내역으로 입출금만 볼 수있게 되어 있던데 예전 처럼 그냥 등록된 계좌 합의 입출금내역을 볼 수있었으면 좋겠어요",업데이트 불만
2026-07-15 23:58:20,알림,iOS,2016-07-14 21:07:44,1,"도도주니","[기존 버젼이 훨씬 편합니다.. 바꿔주세요] 예전 버젼이 보기도 좋고 편했네요.. 검색기능도 안좋아지고 통장 이나 카드 이름도 설정이 안되고  너무 불편합니다  저번 버젼처럼 바꿔주세요.. 어찌 더 안좋아지나요",기타
2026-07-15 23:58:20,알림,iOS,2016-07-13 16:24:56,1,"다운그레이드 라도 해주세요!!","[예전 버전에 편리한 부분은 남겨두셔야죠!!] 한달 수입 지출내용을 예전버전 처럼 전달 몇일~ 이달 몇일로 정해서 볼수있게해주세요  개인사업자여서 정해진날 돈이 많이나가는데 그기준으로 대충 수입과지출을 파악햇거든요",기타
2026-07-15 23:58:20,알림,iOS,2016-07-13 02:21:34,1,"신탄빵","[개선요구사항] 1.평생계좌번호가 처음에 표시 되었다가 기능개선 업데이트 이후 표시가 않되네요.  2.이전 버전에서 이체내용 검색이 모든내용들 검색가능했는데 예를 들면 '유류비'라고 검색을 하면 날짜관계없이 전부 표시되었는데 지금은 보여지는 것만 검색되네요. 더보기를 눌러서 한뒤에도 추가된 내용까지만 검색이되네요.  3.계좌별로 체크해서 보고 싶은 계좌만 보고 싶은데 일일이 1계좌씩 따로 봐야하는 불편함이 있네요. 4.계좌별명도 다시 할수 있었음 좋겠네요.",업데이트 불만
2026-07-15 23:58:20,알림,iOS,2016-07-12 20:14:14,1,"김베베","[업뎃된거 불편함] 이전버전이 더 편함 ㅡㅡ 계좌번호 선택하는것도 불편하고 첫화면에 바로 안뜨는것도 불편함",이체/거래
2026-07-15 23:58:20,알림,iOS,2016-07-12 18:47:37,1,"앵낄낄","[2번 째로 리뷰 남깁니다....] 개선한답치고 개선 한거 같은데.... 아 제발 쫌...쫌!!!  카드사용 누적 그냥 보이게 해달라고요ㅠㅠ  누적보려면 다 합산해줘야해? 왜이리 불편하냐고요  신용카드 다른은행으로 바꿔야하나 이 어플 땜시?",기타
2026-07-15 23:58:20,알림,iOS,2016-07-12 04:54:24,1,"앙스로","[정말 짜증나서 리뷰씀] 총금액이라도 뜨게해주세요 와 업뎃하고 너무 답답해서 글쓰기는 또 처음이네요",기타
2026-07-15 23:58:20,알림,iOS,2016-07-12 03:11:31,1,"cancel6678","[왜 로그인이 안되냐구요!!] 도대체 몇번을 지웠다 깔아야하는지.. 고객센터 통화까지 했는데 왜 로그인이 안되는겁니까??!!  업데이트 하고 아예 사용을 못하고 있어요.! 리뷰는 보는건지 마는건지...",로그인
2026-07-15 23:58:20,알림,iOS,2016-07-11 23:44:57,1,"현혜정","[업데이트 후 실행불가] 업데이트 후 아이폰은 안되는건가요?? 잘 사용하고 있었는데 업데이트 후에 안되고 있습니다. 삭제 후 다시 다운로드 받아도 실행이 안되네요... 조치 좀 해주세요!!!",앱 실행/오류
2026-07-15 23:58:20,알림,iOS,2016-07-11 23:37:16,1,"Guni'sRV","[뭐하는 거임?] 지금 장난? 삭제는 어디갔고 쓰기는 구려지고 신입이 기획하고 초짜가 개발함?  별1도 아까움 아 놔 리뷰안쓰는데",기타
2026-07-15 23:58:20,알림,iOS,2016-07-11 21:25:44,1,"누드모델","[전 버전보다 못난 어플] 많이 불편하네요. 빨리 패치해 주세요. 전 버전에서 지원되던 기능이 안되여. 전 계좌가 10개입니다. 1. 통장 별칭으로 보기 기능 2.계좌별 잔액 통합보기 기능   빨리 수정해 주세요.",이체/거래
2026-07-15 23:58:20,알림,iOS,2016-07-11 18:14:57,1,"팝이좋아","[로그인안하고 잔액 확인!!] 기존 어플은 로그인 안하고 들어가자마자 잔액 확인이 됐었는데 이번 업데이트 이후로는 잔액은 무조건 로그인을 해야되네요.. 최소한 사용자에게 선택이라도 해주던지.. 왜 귀찮은 과정을 더 넣어놓은건가요 최소한 잔액 확인은 로그인 없이 확인 되게 해주세요",로그인
2026-07-15 23:58:20,알림,iOS,2016-07-11 03:44:24,1,"NATAEK","[망한어플] 이렇게 불편하게 만들기도 힘들듯... 지난번 UI에서 일부러 나쁘게 만들어도 이렇게 만들지는 못할듯.. 지난 버전도 같이 쓰게 해주세요",디자인/사용성
2026-07-15 23:58:20,알림,iOS,2016-07-11 03:12:30,1,"빠른91","[어플 누가만들었냐] 이따위로 발로만들고 월급받아가냐?",기타
2026-07-15 23:58:20,알림,iOS,2016-07-11 01:00:34,2,"쓸모많은 앱","[계좌조회만하면 튕김...] 로그인 정상적으로 하고 들어간 후, 계좌조회에서 계좌번호 클릭만 하면 튕김...왜 이러나요??",로그인
2026-07-15 23:58:20,알림,iOS,2016-07-10 21:17:43,1,"우기욱이빛나는욱","[업뎃왜한건지...] 사용하기가 전보다훨씬불편해졌어요 업뎃왜한건지...ㅠ 이전으로돌려줘요....",기타
2026-07-15 23:58:20,알림,iOS,2016-07-10 16:21:31,1,"민진민채","[그냥 전에 버젼으로 업데이트 해주세요] 윌별합산기능이나 한눈에 쉽게 보던 겆들이 이무슨 이런식으로 바뀐건지요 완전 답답하네요",업데이트 불만
2026-07-15 23:58:20,알림,iOS,2016-07-10 09:49:40,2,"hsm332","[제일 맘에들던 기능이 사라졌네요] 정말 이 어플 맘에들었었는데 업뎃하고나서 너무 답답하네요 카드내역에 총 얼마썼는지 누적된 금액하고 그래서 이번달 카드값 얼마나오는지 예상해주는거 왜 없어졌나요?? 그게 제일 좋았는데.. 필요없는 어플이 된거같아요..  진짜 새로 업뎃해서 그 기능 살려주세요",기타
2026-07-15 23:58:20,알림,iOS,2016-07-10 05:10:38,1,"반갑다친구야","[업데이트 이후 안좋아짐] 업데이트하면 더 안좋아지는 경우가 많아서 기다렸다가 리뷰보고 업데이트 하는 편인데 이 어플은 업데이트를 안하니 진행이 안되어서 어쩔수 없이 업데이트 했습니다 역시 그 전 UI가 훨씬 낫습니다",업데이트 불만
2026-07-15 23:58:20,알림,iOS,2016-07-10 00:26:59,1,"영진그린빌","[아이폰은 원래 알림 안 뜨나요?] 갤럭시만 쓰다가 아이폰 처음 쓰는데 아이폰은 원래 입금되거나 출금되면 알림이 안 뜨나요?",알림/푸시
2026-07-15 23:58:20,알림,iOS,2016-07-09 20:10:47,1,"1241234432","[개선되야할 사항] 1. 로그인-> 계좌 또는 카드 선택 -> 사용내역 검색 : 기본 설정을 통해서 카드나 계좌 거래 사항이 로그인 후 바로 보여지도록 개선 필요 2. 카드 사용 총액(합산) : 예전 버전처럼 사용 총액이 나오던가 그게 아니면 현재 버전에서 일별 또는 월별 합산 금액을 클릭 한번에 나타 날 수 있도록 개선(현 버전은 카드 합산 금액을 알기위해 건건이 체크해야됨) 3. UI 바뀌었다고 업데이크가 아닙니다. 예전 버전의 편리했던 사항은 다 없어지고 불편한 사항이 있으므로 위와 같은 개선이 필요합니다.",로그인
2026-07-15 23:58:20,알림,iOS,2016-07-09 19:27:40,1,"breeze 2014","[업데이트해 더 불편합니다] 예전 어플 UI가 직관적이고 사용하기 편했는데.  입출금 내용을 확인하는 것도 불편하고, 카드 월별 총 사용액 획인하는것도 예전 어플이 사용하고 편리 했습니다.  왜 ? 무엇을 개선 할려고 업데이트를 하신것인지??? 별 1개도 아깝습니다",업데이트 불만
2026-07-15 23:58:20,알림,iOS,2016-07-09 09:19:38,1,"잉용귕","[장난하냐] 이따위 어플 뭣할라고 만드냐 뇌가 있는지 의심스럽다 뇌 있으면 원위치 시켜놔라 진심 ㅈ같다",기타
2026-07-15 23:58:20,알림,iOS,2016-07-08 23:09:30,1,"두번결제...","[어플을 다시 깔았는데 '본인인증'이 계속 안됨] 어플을 다시 깔았는데, 본인인증이 안됨. 10번은 넘게 지우고 깔고, 이건 사용하라는 건지 사용하지 말라는건지...불편하기 짝이 없네요. 주거래은행을 다른 은행으로 바꾸던지 해야지 원",신분증인식
2026-07-15 23:58:20,알림,iOS,2016-07-08 22:14:23,1,"쁘띠마망마들렌","[업뎃너무 구림] 왜 카드 잔액보려면 귀찮게 로그인 하게만드는거죠..심지어 자동로그인도 안되고.... 어디에 썻는지 궁금한게아니라 잔액이 궁금한거라고요!!!!!",로그인
2026-07-15 23:58:20,알림,iOS,2016-07-08 21:25:34,1,"난초으하하하","[저만 이전버전이 더 편리한게 아니군요...] 이전에는 앱에 접속해서 카드 들어가자마자 사용금액 총액도 알 수 있었고, 신용결제할때마다 괄호로 신용금액 얼마나 사용했는지 누적으로 바로 볼 수 있었는데, 그런 주요 편의 기능이 싹 사라졌네요... 정말 심각하게 불편해서 글남겨요..",이체/거래
2026-07-15 23:58:20,알림,iOS,2016-07-08 19:32:26,1,"개개개개뱌","[망한어플] 어플 테스트는 하고 올리나?  아 가독성 떨어지고 겁나 무겁고 조잡함. 알림 고유 기능에 집중이나 하지. 알림어플에서 헤매게 만듬. 입금인지 출금인지 한참 봐야 알수 있음. 아 it가 은행 경쟁력인데 안타깝다",이체/거래
2026-07-15 23:58:20,알림,iOS,2016-07-08 05:00:46,1,"호안석","[이거 업뎃하고 퀄리티가 폭망] 졸라 불편해졌어. 이거 책임자 문책해야돼 계좌번호 별칭 안돼서 계좌번호 외워야돼구 한번에 전체계좌확인도 못하고. 로긴없이 들어가는것도 없어졌고. 완전 다운그레이드야",이체/거래
2026-07-15 23:58:20,알림,iOS,2016-07-08 00:18:35,1,"유아❤️","[업데이트이후 이상해요] 카드삭제말고 개별로 입출금 삭제버튼은 어디갓나요?? 불편하네요",업데이트 불만
2026-07-15 23:58:20,알림,iOS,2016-07-07 23:32:38,1,"imharang","[다시 업데이트됐다길래 기대했는데] 여전히 별로네요ㅠㅠ 앱 만드시느라 고생하셨을텐데 그래도 기존있던 기능들은 넣어주셔야죠.. 계좌번호를 다 외우고 있는게 아니라 계좌마다 별명을 붙여놨는데 그것도 안보이고 전체계좌를 보면서 괄호안에 잔액도 보이는 기능도 다시 넣어주세요. 진짜 몹쓸기능들은 새로생기고 쓰던 좋은기능들은 다 없어졌네요ㅠㅠ",업데이트 불만
2026-07-15 23:58:20,알림,iOS,2016-07-07 22:01:20,1,"딩구르딩딩","[본인인증부터 안됨] 아니 본인 인증 하래서 하려는데 왜 문자가 안오나요.... 차단목록도 안해놨고 이거저거 다 풀어보고 스팸함 봐도 없는데 인증부터 안되면 어쩌라는건지 ㅋㅋㅋ 노답",신분증인식
2026-07-15 23:58:20,알림,iOS,2016-07-07 21:52:03,1,"ddorevae","[입출금 검색 돋보기 클릭] 입출금자명 검색할때 돋보기가 클릭이 안되면 어쩌자는건가요.  업그레이드가 아주 개판으로 됐으니 빠른 수정 바랍니다.  전보다 훨씬 불편하네요.",이체/거래
2026-07-15 23:58:20,알림,iOS,2016-07-07 21:42:13,1,"sasasa5","[카드 월별사용액과 카드결제사용액 다시] 전에 쓰던 기능중..카드 월별사용액과 카드결제사용액 다시 원래대로해주세요.. 아님 계산할때 체크 all이라도..;; 전엔 이 앱 좋았는데....",이체/거래
2026-07-15 23:58:20,알림,iOS,2016-07-07 18:08:19,1,"으흠????","[로그인이 안됨] ㅡㅡ 개쓰레기어플",로그인
2026-07-15 23:58:20,알림,iOS,2016-07-07 08:50:18,2,"권또리","[심각하게 불편해졌네요.] 그동안 원클릭으로 바로 계좌정보 확인 할 수 있었던 걸 로그인 버튼 누르고 지문인식누르고 계좌 누르고 몇번에 갈챠서 이렇게 불편하게 업데이트를 하다니 이건 직접 사용해보고 업데이트를 한건지 아니면 그냥 위에서 새로 리뉴얼 하라고 지시내려서 억지로 한건지 이게 업그레이드인가요 다운그레이드지",로그인
2026-07-15 23:58:20,알림,iOS,2016-07-07 02:21:39,1,"문자매니아","[최악] 최악이네요.입출내역을 계좌별 일일이 봐야하는 번거로움..이젠 쓸이유가 없네.",이체/거래
2026-07-15 23:58:20,알림,iOS,2016-07-07 01:53:57,1,"ㅋ머구리","[이 업데이트는 뭥미...] 뭔가 얘들이 정신을 차리고 앱을 바꿔놨구나 해서 업데이트했더니만...똑같잖아!!ㅜㅜ 리뷰에 악평달렸다고 리뷰없애려고 새로운 버젼올린거임??!!빨리 예전모습으로 돌려놔라구 ㅜㅜ",업데이트 불만
2026-07-15 23:58:20,알림,iOS,2016-07-06 23:24:07,1,"닉키","[기본만 했으면.] 다 필요없으니 기본에만 충실했으면. ㅋ 카드는 분명 내역이 있는데 안보임. ㅋ",기타
2026-07-15 23:58:20,알림,iOS,2016-07-06 22:46:04,1,"해운대 불주먹","[업뎀후 거진 일주일 만에 로그인됨] 기업은행의 가장 큰 안티는 어플 담당자 인거 같음 업뎀후 로그인 오류 나다가 사람들 계속 항의 하니까 거진 일주일만에 로그인됨 로그인 되서 들어가보니 이렇게 불편하게 만들려고 노력해도 정말 힘들 정도로 저번 꺼랑 비교해서 엄청 불편하게 쳐 만들어 놓고 어플 담당자 분명히 경쟁 은행에서 기업은행에 심어놓은 사람 아니고서야 어떻게 이딴식으로 업뎀 쳐 할수 있는지 정말 옆에 쳐 있으면 한대 쳐 때리고 싶을 정도로 개거지 처럼 쳐 만들어 놨음 기업은행 고위간부가 이글을 볼지 모르겠지만 한번 알아보소 분명 기업어플 담당자 뭔가 있소 아니고서야 항상 어플 업뎀 할때 마다 오류나 업뎀한 어플 보면 굉장히 불편하게 만들어 놔 분명 경쟁 은행이 심어놓은 사람인거 같음",로그인
2026-07-15 23:58:20,알림,iOS,2016-07-06 21:36:12,2,"wowhyun","[카드 월별 누적사용확인] 어디 갔나요? 지문인식도 추가되고 껄끔해지긴 했는데..  기능 제거 아쉽네요",인증/보안
2026-07-15 23:58:20,알림,iOS,2016-07-06 21:17:35,1,"쿠쿠블루","[로그인오류] 로그인 비번누룬후 다음창으로 넘어가질 않아요 업뎃이후 이상해졌네요 잘쓰고 있었는데",로그인
2026-07-15 23:58:20,알림,iOS,2016-07-06 20:32:27,1,"제주도가자","[보기 불편해졌네요.] 위에 이벤트광고때문에 직관성이 떨어집니다.",기타
2026-07-15 23:58:20,알림,iOS,2016-07-06 19:03:48,1,"새색시","[그냥 원래대로 해놓으면 안되요?] 들어갈때마다 성질 뻗쳐서 그냥",기타
2026-07-15 23:58:20,알림,iOS,2016-07-06 07:25:59,1,"신용카드월합계","[신용카드월합계] 신용카드월합계 예전버전으로좀!!!!그리고 알림서비스데 너무 많은내용넣어서 복잡해죽겠네요.....맘데로 업뎃하지말고 기존버전으로도 사용하게 할수있게하든지요...왕불편",디자인/사용성
2026-07-15 23:58:20,알림,iOS,2016-07-05 19:27:01,1,"안녕고양이","[설치중] 업데이트 하는데 설치중에서 안넘어가고 다시 다운도 안받아져요 ㅜ  괜히 업데이트 했어요",업데이트 불만
2026-07-15 23:58:20,알림,iOS,2016-07-05 18:56:34,1,"닝기리썅","[뭐하자는거냐] 무슨생각으로 업뎃한거냐 욕나온다 하는짖보면  그냥 예전앱으로 바꿔도 잘쓰던앱에 병신짖을해놧네",기타
2026-07-15 23:58:20,알림,iOS,2016-07-05 18:08:38,1,"Miru1004","[안됩니다] 업데이트 하고 로긴이 안됨 머지? 아이폰4쓰는 사람은 사용이 안되게 만들어 놓으셨네요",업데이트 불만
2026-07-15 23:58:20,알림,iOS,2016-07-05 06:36:00,1,"이리디디지","[진짜 왜바꾼거예요?] 입금자 이름만 검색하면 바로나오던게 나오지도 않고 계좌는 또 계좌별로 다나눠놔서 입출내역에서 통합으로 보여지지도않고 진심으로 주거래은행바꾸고 싶습니다. 이건 아니예요. 테스트는 한겁니까?",이체/거래
2026-07-15 23:58:20,알림,iOS,2016-07-05 03:22:58,1,"만들고보자","[별 마이너스가 없어서 한개..ㅡㅡ] 그동안 잘되던걸 업뎃해서 병맛 만들었네요..  통장 별명으로 보이던것도 초기화됐다는.. 마이그레이션이라도 똑바로 하고 진행 하던가 ux도 불편하게 바꿔놓고 있던기능도 감추고 진짜 이거 만들고 성공적인 플젝이라고 박수치고 있으려나..",기타
2026-07-15 23:58:20,알림,iOS,2016-07-05 03:12:30,1,"PIUS@","[장난하나] 멀쩡한걸 빙신 만들어놨네",기타
2026-07-15 23:58:20,알림,iOS,2016-07-05 02:54:20,1,"오굿트","[리뷰를 다 쓴다..] 참 그지같이 만들어 놨어.. 멀쩡한거 보완ㅇ나 할것이지 그나마 되던것도 건들어서 병신을 만들어 놨네..  별하나도 아깝다..",기타
2026-07-15 23:58:20,알림,iOS,2016-07-05 02:53:52,1,"사용시밤","[안된다] 실행조차안된다.",기타
2026-07-15 23:58:20,알림,iOS,2016-07-04 23:03:45,1,"늙은좀비","[어지간하면 리뷰 안쓰는데 너무하네요] 예전에는 알림센터에 얼마가 입출금 되었는지 알려줬었는데 패치이후 그냥 알림이 왔다고만 적히는데서 엄청 불편해졌구요, 체크카드 목표설정 해놓고 누적금액 얼마인지 볼수있는 기능 삭제해버린것도 어처구니 없네요. 지문인식 로그인 딱 하나 빼고는 퇴보했네요. 계속 이런식이면 그냥 은행 갈아타야겠습니다. 어플이 너무 불편해졌네요.",로그인
2026-07-15 23:58:20,알림,iOS,2016-07-04 22:47:00,1,"뽀꿍","[업데이트 후 불변해짐] 잘 쓰고 있었는데 얼마 전 업데이트 후 불편해졌어요 원하는 결과를 얻기 위해 터치를 전보다 더 해야 해서 짜중나요 알림창으로 보이던 것도 없애서 일일히 앱에 들어간 뒤 또 터치 터치 터치. 강제 업뎃이라 선택도 못하고 이게 뭔가요?",업데이트 불만
2026-07-15 23:58:20,알림,iOS,2016-07-04 21:54:45,1,"우유배달부93","[계좌별명, 전체입출내역리스트 돌려달라..!] 아..놔... 불편해서 쓸 수가 없네... 계좌별명 없어서 사용 용도 확인할 수도 없고.... 전체 입출내역 확인하면서 가계부 쓰기 편했는데 그 기능도 없고.... 이전 UI가 사용하기 훨씬 편했어요... 다른 은행보다 편했는데... 리뷰 작성하신 어떤 님처럼 주거래은행 바꿀까봐요..",이체/거래
2026-07-15 23:58:20,알림,iOS,2016-07-04 19:30:52,1,"문제심각","[계좌등록조차도 안돼요] 업뎃 이후 계좌등록 하려는데 '네트워크연결이 원활하지 않음'만 2일째... 지우고 다시 설치해도 해결이 안되요.  답답합니다...",이체/거래
2026-07-15 23:58:20,알림,iOS,2016-07-04 18:50:26,1,"유스타스","[아이폰4 로그인 화면에서 안넘어감] 테스트 안하고 만드는거??",로그인
2026-07-15 23:58:20,알림,iOS,2016-07-04 15:12:57,1,"아히스","[비번로그인해도넘어가질않음] 이전이 더 좋은데  신버전은 로그인을해도 내역이 안 떠요. 버그부터 해결해주세요 불편합니다. 별 하나주지도 못하게네요 뭐가 되든지 혀야죠...;;;",로그인
2026-07-15 23:58:20,알림,iOS,2016-07-04 12:46:44,1,"원버튼","[잘쓰던 앱을 왜 망쳐놔 ㅜㅠ] 임금자 이름 검색하면 그동안 거래한 히스토리 쫙 뜨는 기능 사라지고 최근 한건만 떠서 불편해 미칠지경 ㅜㅠ 기존보다 망쳐놓는 업데이트가 세상에 어딨습니까. 로긴하면 바로 내역 보였던 기능도 사라져 번거로워 지고 화면 중간에 광고는 뭔데 ㅡㅡ^",업데이트 불만
2026-07-15 23:58:20,알림,iOS,2016-07-04 08:26:11,2,"ppom993","[업데이트 이후가 더 안좋아졌네요 불편하고] 업데이트 이후가 더 안좋아졌네요  불편하고  카드 사용내역도 전체가 한눈에 안보이고 카드별로 따로 들어가야되고 전에꺼는 한달별 카드 사용금액도 한눈에 들어왔는데  업데이트가 아니라 다운그래이드 됐네요",업데이트 불만
2026-07-15 23:58:20,알림,iOS,2016-07-04 07:25:10,1,"다음부터 별명","[전 버전이 좋았어.] 잘 되던 앱 강제 업데이트로 못 쓰게 되었잖아 개새끼야  와이파이 빵빵한데 네트워크 오류라고 안 된다",앱 실행/오류
2026-07-15 23:58:20,알림,iOS,2016-07-04 06:38:43,1,"잉이잉잉","[대체 왜... 바꾼건지..] 앱 잠그고 싶지도 않고 암호 설정 하고싶지 않고 통장 두개 구지 안 나눠줘도 좋은데.. 알람도 어떻게 해야오는지도 모르겠고 어플 전꺼가 훨씬 좋았는데 업데이트 다시 했으면 좋겠습니다",업데이트 불만
2026-07-15 23:58:20,알림,iOS,2016-07-04 06:07:56,1,"meari615","[이전버전이좋아요] 너무심하게 불편해졌어요 이전버전에 편하게사요하던 것들은 하나도없네요 실망했어요 ㅜㅜ 다시보완해주세요",기타
2026-07-15 23:58:20,알림,iOS,2016-07-04 05:49:19,1,"뿡까고있네","[기존 메모내용 사람짐 ㅡㅡ^] 기존 간단히 메모해놓은 입출금 메모내용 업뎃 후 내용 사라지고 없음;  원래 업뎃하면 없어지남요? 대략 난감ㅡㅡ; 이러면 뭐하러 메모란이 있는지;;  업뎃될때 마다 기록이 사라지면...",이체/거래
2026-07-15 23:58:20,알림,iOS,2016-07-04 05:26:35,1,"Ruingarden","[업뎃하니까 안되네...] 로그인해도 로그인 화면 뒤로가기하면 하얀화면 쓸수 없게 업데이트해놓으면 뭐 어쩌란건지...",로그인
2026-07-15 23:58:20,알림,iOS,2016-07-04 04:33:25,1,"Nichard","[나랑 장난 지금하냐?] 이게 뭔 비싼 연봉 받고 삽질하는 짓이여? 고객의 불편이 당신의 기업 가치인가? 어처구니 없네? 왜 로그인하라 했냐? 로그인이 안되는데? 뭔짓이야???",로그인
2026-07-15 23:58:20,알림,iOS,2016-07-04 04:11:33,1,"표향","[업데이트 진짜.. 말이 안나온다...] 은행권중 탑을 달리던 알림앱을 하루아침에 개 쓰레기를 만들어 놨네... 모든 은행앱의 단점을 죄다 모아서 적용해 놨구만...",업데이트 불만
2026-07-15 23:58:20,알림,iOS,2016-07-04 04:03:33,1,"칸네라","[와씨 업데이트 돌았나] 엄청 편리했던 기능들이 쓰레기가 됐음.  월 합계 내려면 내가 지금 일일히 다 클릭해야 되는거임? 로그인도 매번 해야되고 계좌도 매번 클릭해야 되고?! 제가 이틀동안 못 찾는건가요? 그런건 원하는 사람만 하게끔 설정에 만들어두라고요~ 개발자 너님 맘대로 기본설정 하시지 말고요.. 이 어플땜에 주은행 바꾸고 싶어지네요 진심...",로그인
2026-07-15 23:58:20,알림,iOS,2016-07-04 03:19:25,1,"안트러프러너","[멀쩡한 앱을 개떡으로 바꿔놨네] 초딩들한테 앱 만들라고 시켰나? 아니자나요 돈받고 일하는 프로들한테 맡긴거 아닙니까? 그런데 기초적인 테스트도 한번 안했나 첫단계인 로그인부터 안되네?뭐 기본적인거 작동하고 상세적인 기능 몇개 먹통이면 이해를 하는데 이건 뭐 답이없네요. 그렇다고 대응이 빠른거도 아니고..답답하네..업데이트된지 몇일이 지났는데도 이모양이니 에휴!!",로그인
2026-07-15 23:58:20,알림,iOS,2016-07-04 01:43:10,2,"귵귵귵","[유아이가 전버전이 나은것 같아요.] 내용무",기타
2026-07-15 23:58:20,알림,iOS,2016-07-04 00:54:37,1,"bonobonoz","[평가를 위한 별] 어제도 업데이트 했는데 오늘도 하라니 창구 직원도 엉망이어서 싸운게 엊그젠데 어플은 맨날 이모양이거",업데이트 불만
2026-07-15 23:58:20,알림,iOS,2016-07-03 22:15:02,1,"llllesslll","[나한테 왜 이래요] 이전버전로 돌아가게 해줘",기타
2026-07-15 23:58:20,알림,iOS,2016-07-03 21:13:04,1,"김땡땡땡땡땡김","[있던 기능 돌려달라 ㅠㅠ] 계좌 전체 입출금내역 한꺼번에 볼 수 있던게 이제는 계좌별로만 볼 수 있어 불편합니다. 거기에 계좌 별명 설정해놨던 게 없어지고 아예 설정을 해놓을 수 없어 어떤게 어떤 통장인 헷갈려요!!! UI 깔끔해진 거 빼곤 왜케 불편해진 건가요. 전혀 사용자의 입장을 고려하지 않은 것 같습니다.",이체/거래
2026-07-15 23:58:20,알림,iOS,2016-07-03 20:12:22,1,"ㅜjejjnnd","[이전 버전에 쓰기 편한 기능들] 이전버전에 쓰기 편한기능들 복구좀.. 지금 얼마나 쓰는지 나오는것들 부터 시작해서 이전버전에 좋은기능들은 남겨두고 업데이트를 해야지 너무 이전버전 보다 못해진듯..",업데이트 불만
2026-07-15 23:58:20,알림,iOS,2016-07-03 18:59:51,1,"개솔","[더 불편해졌습니다] 입출금내역을 간편하고 한눈에 볼수 있는게 장점이였는데 내역보는거도 불편하고 가독성도 매우 떨어집니다",이체/거래
2026-07-15 23:58:20,알림,iOS,2016-07-03 18:24:29,1,"잼잇음귯귯","[별하나도 아깝다] 이전버전은 결제하면 한번에 다보엿는데 이건 one뱅크랑 다를게없음",이체/거래
2026-07-15 23:58:20,알림,iOS,2016-07-03 18:22:58,1,"DragonAOE","[로그인까지한다. . .] UI  왜이렇게  불편하게  변경됐나요? 계속사용하고  있었는데  너무  불편하군요 나중에  가도  적응도  안되것네. . .",로그인
2026-07-15 23:58:20,알림,iOS,2016-07-03 18:21:25,1,"아주포","[이전버전으로 돌리셔요] 테스트 재대로 안하신거 같은데.. 저만 안되는건가요?? 로그인화면 이후로 넘어가지 않음;; 업데이트 하라고 해서 했는데 아예 사용불가로 만들어 놓으셨네요.. 고객센터에 전화했더니 모른다고 하고 앱 재설치하라는 소리만 함.. 재설치해도 똑같은데 말이죠;; 실시간 확인해야하는데 피씨로 접속해야하는 상황임...",로그인
2026-07-15 23:58:20,알림,iOS,2016-07-03 18:16:48,1,"랙돌","[업데이트 왜한겨?] 이전 버전 앱은 앱 켜기만 하면 바로 입출금내역 떠서 보기 편했는데 이제는 계좌를 선택해야해서 번거로워졌다   잘쓰고 있는 어플을 왜 건드려서 짜증나게 하는지",업데이트 불만
2026-07-15 23:58:20,알림,iOS,2016-07-03 17:50:04,1,"ldkeos","[업데이트 되고 나서요] 계좌별 통장이름 설정도 없어져서 보기 불편해요 이름을 바꿔놔야 한눈에 들어오는데 말이야 업데이트 되기 전이 훨씬 편하고 보기 좋았음",업데이트 불만
2026-07-15 23:58:20,알림,iOS,2016-07-03 17:43:25,1,"1275706","[업데이트 완전 꽝 이네요] 기존 버전으로 돌아가수 있으면 좋을텐데  새로 업뎃한거 완잔 불편하고 조회기능도 없네요",업데이트 불만
2026-07-15 23:58:20,알림,iOS,2016-07-03 17:22:27,1,"업데이트 뭡니까","[이번 업데이트 매우 별로임] 예전에 비해 나아진것은 지문인식 된다는것 하나뿐 전체적으로 볼 수 있는 기능이 사라지고 하나하나 다 개별적으로 봐야해서 카드 사용했다고 뜨면 여러개 카드 일일이 다 찍어봐야함...",업데이트 불만
2026-07-15 23:58:20,알림,iOS,2016-07-03 09:32:32,1,"해리1828","[앱이 쓰레기가 됐어~] 이건 불편한수준이 아니라 안되는거임. 비번눌러도 로그인이안됨 기능을아예쓸수없게 업데이트해버린 정크앱.",로그인
2026-07-15 23:58:20,알림,iOS,2016-07-03 06:56:09,1,"빡친다요","[테스트안해요?] 님 돈받고 일하는 프로잖아요.이건 실수가 아니잖아요",기타
2026-07-15 23:58:20,알림,iOS,2016-07-03 06:38:04,1,"퓨웅신짱","[아니 아이폰 업데이트가 왜 안되는거야!!!!!] ㅠㅠ 당장 필요한데업데이트를 못해서 사용을 못해요",업데이트 불만
2026-07-15 23:58:20,알림,iOS,2016-07-03 01:07:17,1,"Brokholy","[어떻게 된겁니까] 신용카드 사용금액 월별 합산내려면 일일이 사용 내역을 클릭해줘야 합니까? 한달치를?  한번에 다 선택하는 방법을 제가 모르는건가요?",기타
2026-07-15 23:58:20,알림,iOS,2016-07-02 21:44:08,1,"무민마마","[업데이트전이 훨씬 좋다!] 전체적으로 보는 메뉴가 왜 없는거죠?ㅠㅠ",업데이트 불만
2026-07-15 23:58:20,알림,iOS,2016-07-02 19:46:51,1,"gsjeigd","[안됨] 업데이트만 하면 문제임  업뎃 하지마요 그냥",업데이트 불만
2026-07-15 23:58:20,알림,iOS,2016-07-02 17:56:40,1,"힘내서 잘 합시다","[3.0 지금까지의 업데이트중 최악입니다.] 기능을 넣는건 이해가 가지만 사용에 불편할 정도로 만들면 이건 업데이트가 아니라 쓰레기입니다. 강제 비밀번호로긴도 불편하고, (선택의 여지도 없더군요) 한눈에 보여주던 승인내역, 입출금기록.. 따로따로 조회하도록 바뀌었네요. 이건 '알림앱'입니다. 금융앱이 아니라고요. 본인이 사용한 내역을 확인하는데 이렇게 불편하게 만들다니, SMS 사용해서 수수료받기위한 전략인것 같군요.  VIP회원의 요청입니다. 아래사항반영을 바랍니다.  비밀번호 강제사용 -> 본인선택가능 입출금내역 통장별 별도조회 -> 전체내역목록 제공 카드승인내역 별도조회 -> 전체내역목록 제공",로그인
2026-07-15 23:58:20,알림,iOS,2016-07-02 16:41:52,1,"그린카이용자","[이전 버전이 보기 쉽고 더 간편함] 업데이트 되고 나서 계좌설정에서 내가 보기 쉽게 바뀌어 지지 않아 헷갈리고 카드랑 통장을 왜 구분해놨으며 , 그 이름도 내가 보기 쉽게 바뀌지않아 답답함 예전에는 구분도 없고 내가 원하는대로 볼 수 있어 편했는데  업데이트 해서 개선좀 해주세요 언넝",업데이트 불만
2026-07-15 23:58:20,알림,iOS,2016-07-02 16:18:09,1,"diamago","[3.0 버전 사용기] 원래 2.0버전도 느렸는데 보다 더 느려졌으며  무엇보다도 UX가 엉망입니다. 새로나온 버전이라 익숙하지 않을 수 있겠지만 알림어플치고 너무 복잡하고 단계도 많고  차라리 원래2.0으로 돌아가고 싶네요.",속도/성능
2026-07-15 23:58:20,알림,iOS,2016-07-02 15:46:04,1,"Heartime","[업데이트 하고 안되요] ㅠㅠ",업데이트 불만
2026-07-15 23:58:20,알림,iOS,2016-07-02 15:30:55,1,"kwscale","[로그인 버그] 로그인 안됨 빠른 업뎃 기대함.",로그인
2026-07-15 23:58:20,알림,iOS,2016-07-02 08:22:47,1,"NightGangbuster","[별한개도 아깝다.] 리뷰쓰느라 별하나 줬다. 그 동안 잘 되던 앱을 참 병신 만들어놨다. 사인인 방법은 여러갠데 정작 사인인 이 안된다. 하여간 프로그래머들 밥 축네는덴 도가 텃다. 테스트 좀 해라. 오늘만 업뎃을 두번 올렸다. 그리고 큰 차이도 안 날거면 보안만 좋게 하고 업뎃 하지마라. 왠만하면. 짜증만 난다. 로그인 방법 여러개 만들어서 보안 강화했다고 고객에게 떠 넘길생각말고. 회사 내부 서버 보안 강화에 투자하기 바람. 어차피 내부 서버 해킹당하면 어플 로그인 방법 강화는 그냥 형식적인 면피용이지. 안그렇소? 그나마 ios는 애플이 관리하니 로그인 걱정보단 각 어플 회사 내부 서버가 걱정될뿐. 안드면 로그인부터 걱정해야 할거고. 어쨋든 이왕 고생하는거 더 수고 좀 해서 오류없이 만듭시다.",로그인
2026-07-15 23:58:20,알림,iOS,2016-07-02 05:52:07,1,"JSP0923","[업데이트 전이 더 편해요] 업데이트후에 월간 쓴 사용내역도 바로  못들어가고 알림온것도 일일이 다 확인을 해야만 없어지네요 그전이 훨씬 좋습니다",업데이트 불만
2026-07-15 23:58:20,알림,iOS,2016-07-02 05:28:26,1,"므항힝","[전버전으로 돌려줘..] 어떻게 업뎃을 하는데 퇴보를 하냐.. 사용자 편의는 개나 주란건가?? 전버전이 훨씬 좋다.",기타
2026-07-15 23:58:20,알림,iOS,2016-07-02 04:46:03,1,"벅타","[업데이트 이후 인터페이스가 너무 불편합니다] 업데이트 이전 인터페이스가 훨씬 보기좋고 간편했던것같아요 너무 불편하네요...",업데이트 불만
2026-07-15 23:58:20,알림,iOS,2016-07-02 04:40:19,1,"목동동로430","[잘쓰던걸 갑자기..] 왜 업데이트 했는지 이해가 안가네요 잘쓰고 있는데 이상하게 바뀌어서.. 광고넣으려고 그런거 같은데 은행이용자가 무슨 무료이용자입니까??  진짜 맘에 안드네요.. 제대로나 만들던가.. 아우 2년간 잘쓰던거 다시 등록시켜야하고 귀찮아 죽겠네요 일들좀 똑바로 하세요",업데이트 불만
2026-07-15 23:58:20,미니,iOS,2017-07-03 02:24:30,1,"꼬마광택사","[회사 주거래 은행만 아니면...] 정말 거래하고 싶지 않은은행...쓰레기 어플...",이체/거래
2026-07-15 23:58:20,미니,iOS,2017-05-30 23:18:24,1,"HnBla","[아니] 대문자로 바뀌어 있죠...?",기타
2026-07-15 23:58:20,미니,iOS,2017-05-17 02:05:15,1,"Blue6206","[지문..] 지문인증해서 사용할수있다고 안내받았고 검색해도 가능하다는 기사들이 보이는데 당췌 어떻게 인증하여 시작하는 건지 찾을수가 없네요.",로그인
2026-07-15 23:58:20,미니,iOS,2017-04-21 04:06:25,1,"Ryuzis","[개쓰레기] 멀쩡한폰 탈옥인식 실행불가ㄷㄷ 은행이름대로 기업후장만빠는 은행인가 유저를개똥같이아는 참된헬조선 프리미엄 어플",기타
2026-07-15 23:58:20,미니,iOS,2017-04-16 22:32:10,1,"YAMAHA YZF-R1","[어플을 얼마나 거지같이 만들면] 멀쩡한 폰에서 탈옥폰은 이용할수 없다고뜨냐?  한두번도 아니고  니네 업데이트 맞춰서 os도 올려줘야하냐?  이따위로 만들고 돈 받아쳐먹냐?",업데이트 불만
2026-07-15 23:58:20,미니,iOS,2017-01-01 20:44:34,1,"yOu DiE","[나만 인증하기 오류나나?] 처음거래하는 계좌는 전화로 인증하기 해야하는데 자꾸 오류가 나서  피씨로 다시 이체함 ㅡㅡ 진짜 개짜증남 다시 앱을 깔고 폰 재부팅을 해도 계속 인증오류",앱 실행/오류
2026-07-15 23:58:20,미니,iOS,2016-12-24 05:46:44,2,"붕어뇌","[로그인이 자꾸 안되서여.] 은행가서까지 바꿨는데 계속 안돼요. 불편합니다.  구매삭제해주세여.",로그인
2026-07-15 23:58:20,미니,iOS,2016-12-23 00:59:06,1,"이유가잇어","[아니 왜 다운받는데 결제가되나요 ...] 문자날라왓어요 다운받기눌럿는데 비번치라해서 치고 지불방식 계속 선택하라길래 햇는데 결제문자날라왓네요 어떡해야하죠...",이체/거래
2026-07-15 23:58:20,미니,iOS,2016-12-22 17:23:21,1,"00코","[구매목록 삭제] 구매목록 삭제 부탁드립니다",기타
2026-07-15 23:58:20,미니,iOS,2016-12-22 03:39:00,1,"에널텍","[타기관 인증서 등록 화면은 안뜨고 기업은행 인증서 발급 화면만 왜자꾸 떠요ㅡㅡ] 타기관 인증서 등록 할려고 항목 누르면 계속 기업은행 인증서 발급재발급 화면으로 뜨는데 이 항목만 왜 이래요ㅡㅡ",인증/보안
2026-07-15 23:58:20,미니,iOS,2016-11-27 21:37:40,1,"황당너구리","[타행인증서 인식못함] 타은행 인증서는 아에 인식 못하는거임? 해결좀 부탁드려요",인증/보안
2026-07-15 23:58:20,미니,iOS,2016-11-13 16:54:34,1,"별명생성 김미숙12131","[결제가 되나요?] 왜 결제가 되는거죠?확인바랍니다",이체/거래
2026-07-15 23:58:20,미니,iOS,2016-10-18 03:03:25,1,"별명 그게 뭔가 ??ㅎㅎ","[아니 뭔데 실행이 안됩니까ㅡㅡ] 아니 어플 실행이 안되면 어쩌자는 거예요 당장 오류 수정해 주세요 장난하자는것도 아니고.",앱 실행/오류
2026-07-15 23:58:20,미니,iOS,2016-10-16 02:03:34,1,"너류며뉴류벼","[쓰레기] 공인인증서가잇어서 타행등록을하려고하면 공인인증서가 없다고 발급받으라고 뜨고 발급받으려고하면 타행 공인인증서가잇다하고 그냥제목그대로쓰레기",인증/보안
2026-07-15 23:58:20,미니,iOS,2016-07-27 00:43:59,1,"shalala516","[긴급] 무료앱이라는데 왜 비용청구가 되나요 확인부탁드립니다.",기타
2026-07-15 23:58:20,미니,iOS,2016-07-23 00:23:30,1,"씨ccccccc","[앱어플 실행되면, 팝업창은 왜 띄웁니까!!] 이번에 업데이트 했더니, '시작하기'팝업창을 왜 띄웁니까?  중요한 내용이 있는것도 아니고,  심지어 어플실행했다가 자동로그아웃 된후에 다시 어플 로그인하면 먹통되는 팝업창 좀 삭제해주세요.  그리고 여러계좌가 있는 경우, 마지막에 사용된 계좌로 알아서 변경해서 보여주는 기능은 좋았습니다. 지금은 없어졌지만..",로그인
2026-07-15 23:58:20,미니,iOS,2016-07-01 09:17:12,1,"이요ㅛㅇ자","[3000원?] 신검때 개인정보 제공 안한다 체크하니까 상품권준다면서 제공하는걸로바꾸라고해서바꿨더니  앱까지 깔게하고 겨우 3000원주는거엿냐 ㅋㅋㅋㅋ그것도 선착순으로 이거 안쓰고 내일 바로은행가서 개인정보비제공으로 바꾼다 퉤",기타
2026-07-15 23:58:20,미니,iOS,2016-06-26 09:18:03,1,"피타일","[구입 목록 삭제 하라고 씨발좀] 이거 받지마세요 이좃같은거 구입목록 삭제 절대안해주고 쓸모도 없는 어플임 이왕이면 우리은행쓰세요 저 삭제해달라고말한지 한달도넘음",기타
2026-07-15 23:58:20,미니,iOS,2016-05-03 20:40:02,2,"ㅌㅇ아ㅏ아","[구매목록 삭제부탁드립니다] 구매목록 삭제부탁드립니다",기타
2026-07-15 23:58:20,미니,iOS,2016-04-28 03:41:33,1,"byhj0903","[구매내역삭제부탁드려요] 구매내역삭제부탁드려요",기타
2026-07-15 23:58:20,미니,iOS,2016-04-10 23:37:27,1,"진지한궁서체","[아씨] 타은행 공인인증서 등록한건 또 왜 말도없이 사라져서 없다고 뜨는거에요ㅡㅡ 모바일로 안되서 pc로 다시 인증해야될것같은데, 필요할때 밖에서 안되면 모바일어플이긴 한건지.. 기껏다시해도 또 초기화될까싶어 귀찮네요",인증/보안
2026-07-15 23:58:20,미니,iOS,2016-04-09 02:40:52,1,"호아짐","[왜이럽니까] 기업은행 앱은 다 안되네",기타
2026-07-15 23:58:20,미니,iOS,2016-02-25 11:23:37,1,"247Jeanuine","[구매목록삭제요망] 구매목록삭제요망",기타
2026-07-15 23:58:20,미니,iOS,2016-02-06 18:45:16,2,"쭁뿅눰","[구매내역삭제부탁드려요~] 구매내역삭제부탁드려요~",기타
2026-07-15 23:58:20,미니,iOS,2015-10-08 08:30:31,1,"미미231","[자꾸 죽는다 실행 안되고] 왜 잘 되돈 앱 없애고 쓰레기같이 만들어  계속 앱 죽는다 들어가지도 못하고 빨랑 고쳐 올려라",기타
2026-07-15 23:58:20,미니,iOS,2015-10-07 16:00:43,1,"스트리트글라이더","[툉기는 기업은행 앱] 툉겨나옵니다   아이폰3GS IOS6.1.6 잘되는 앱 사용 종료시키구 새 앱은 툉기구  쓰란소리요 말란 소리요!!!",기타
2026-07-15 23:58:20,미니,iOS,2015-09-24 23:23:48,1,"에해해","[안열림] ....",기타
2026-07-15 23:58:20,미니,iOS,2015-09-22 01:24:53,1,"askforme","[꺼짐] 너무함",앱 실행/오류
2026-07-15 23:58:20,미니,iOS,2015-09-22 01:06:49,1,"잘린생선","[억지로 받습니다] 기업은행 쓰기 싫은데 회사에서 일루 월급 줘서 받자 마자 타행으로 옮깁니다 은행원도 일처리 개떡 같고 업뎃도 아니고 어플을 바꾸는 바람에 인증서 다시 받고 그지 같네요 ㅎㅎ이체용이기에 미니면 충분할듯 합니다",인증/보안
2026-07-15 23:58:20,미니,iOS,2015-07-20 04:09:44,1,"이소리소리","[쓰레기!!!] 제발 버그 수정좀 하세요 쫌!!",앱 실행/오류
2026-07-15 23:58:20,미니,iOS,2015-02-09 19:27:45,1,"별명 작성하기","[로그인 못함] 썩음",로그인
2026-07-15 23:58:20,미니,iOS,2014-12-28 00:23:24,1,"괜히가입은해가지고","[원알림만 쓸래요. 내역좀 지워주세요.] 알림만 있으면 될꺼같아요. 구매내역에 있으니 헷갈리네요",기타
2026-07-15 23:58:20,미니,iOS,2014-12-16 08:12:16,1,"ㅡㅡ):66","[구매내역 삭제요망] 구매내역 삭제요망",기타
2026-07-15 23:58:20,글로벌,iOS,2021-01-15 22:12:26,2,"thanhyts","[Lỗi] Lỗi đăng nhập giấy chứng nhận . Cứ đawng nhập là báo lỗi . Chúng nhận bằng cách nào cũng không được . Mong sớm khắc phục 👎👎👎",기타
2026-07-15 23:58:20,글로벌,iOS,2020-12-21 23:51:28,1,"0909й","[No work!] Bad, no work programm.",기타
2026-07-15 23:58:20,글로벌,iOS,2019-05-14 07:52:27,1,"djdkkdkdkdkdkxxkdkdkdkd","[Can’t find the certificate] Islomjon",기타
2026-07-15 23:58:20,글로벌,iOS,2019-01-17 18:31:33,1,"LinhSe7ven","[Update] Please update new UI and Keyboard layout. Thanks",디자인/사용성
2026-07-15 23:58:20,글로벌,iOS,2018-04-04 03:58:05,1,"zayyarthamein","[😱] 😥😰😭",기타
2026-07-15 23:58:20,글로벌,iOS,2016-06-23 20:04:30,1,"마빅","[certificate] i cant finish downloading the certificate... cant figure out whats wrong when entering certificate password.  im doing alphanumeric password 15 digits password.",기타
2026-07-15 23:58:20,글로벌,iOS,2014-02-27 00:33:51,1,"Team Woggle","[아주 개악을 했네.] 한국어는 어따 팽개쳤는지 죄다 영어에. 네트웍오류는 수시로 나고.  이따구로 만들거면 차라리 배포를 하지 말지.  한국어는 어디로 던져 버렸나.  짜증 지대로 나네.",앱 실행/오류
2026-07-16 23:59:37,개인,Android,2026-07-15 09:13:06,1,"dongwan kang","별 한개도 아깝다. 외국인 등록증 촬영이 안되서 지금 1시간째 하고 있습니다. 개발자 나와라 싸우자",기타
2026-07-16 23:59:37,개인,Android,2026-07-15 02:59:30,1,"김소현","아니갑자기 로그인풀려있고 회원가입창으로 넘어가서 신분증촬영해도 다음으로안넘어가고",로그인
2026-07-16 23:59:37,개인,iOS,2026-07-14 21:36:17,1,"숏츠없애주세요","[절대사용하지마세요21세기최악의은행] 국민은행카카오뱅크 전부 다 잔고증명서 모바일어플로 1분도 안 되게 뽑을 수 잇는데 고객의편의를싫어하는이은행은무조건인터넷사이트에서만 뽑을수잇다내요^^처음하는사람이면 공동인증서금융인증서같은 쓰레기인증서도 발급받아야함 심지어어플 잘 작동하지도않아서 다시쓰고취소 이런거도잘안됨 여러모로아주복잡하게만들어놔서 제소중한시간3시간날리고결국은행가서뽑아야하네요^^ 카카오뱅크 국민은행은 어플에서 1분이면 잔고증명서 출력가능합니다 다들참고하세요!!",인증/보안
2026-07-16 23:59:37,개인,iOS,2026-07-14 17:26:47,1,"까보중","[이체시 인증서?] 이러니 카카어 토스에 밀리지",인증/보안
2026-07-16 23:59:37,개인,iOS,2026-02-22 13:33:45,2,"아 우째품이거","[앱 접속이안됨] 기업 앱 접속이 안됩니다..",기타
2026-07-16 23:59:37,개인,iOS,2026-02-22 06:07:16,1,"사과맛 감귤","[최악의 앱] 오류는 시도때도 없이 발생하고 관련 해결이나 지원은 잘 되어있지도 않음",앱 실행/오류
2026-07-16 23:59:37,개인,iOS,2026-02-19 17:25:20,1,"!1!1!!1!","[신분증 진위확인이 안됨] 처리시간이 지났다고 W01992 에러가 발생합니다",앱 실행/오류
2026-07-16 23:59:37,개인,iOS,2026-02-19 09:04:29,1,"Athurian","[퇴직연금 가입되어 있어서 상품 매수하려는데] 퇴직연금 가입되어 있어서 상품 변경해서 매수 하려는데 느려터져서 매수가 안됨 상품검색도 안되고 무한 로딩 걸림 이딴걸 은행어플이라네",속도/성능
2026-07-16 23:59:37,개인,iOS,2026-02-19 06:13:17,1,"Hpaa pro","[진짜 똥이다] 똥이다 똥  쓰라고 만든건 맞나",기타
2026-07-16 23:59:37,개인,iOS,2026-02-18 20:05:53,2,"………..@..@","[쉽지만 쉽지않은] 그런 앱",기타
2026-07-16 23:59:37,개인,iOS,2026-02-18 07:02:37,1,"Wmishshbss","[로딩] 첫 화면 들어갈 때 로딩이 너무 느림. 다른 은행 어플에비해 매우매우 느려요...",속도/성능
2026-07-16 23:59:37,개인,iOS,2026-02-10 17:50:05,1,"어휴앱등이","[화이팅] 신분증인증이 안되는 은행",신분증인식
2026-07-16 23:59:37,개인,iOS,2026-02-10 15:27:26,1,"귀여운 늘보","[카드사] 초음화면 들어가기 쉽지 않아요. 번거로움.",디자인/사용성
2026-07-16 23:59:37,개인,iOS,2026-02-09 04:28:14,1,"쿠념","[아 겁나 버벅거리네] 뭐이리 버벅거리나요 로딩 겁나 길고  다른 은행앱이나 카드사도 버벅임 없는데 겁나 로딩 걸리네",속도/성능
2026-07-16 23:59:37,개인,iOS,2026-02-08 23:55:05,1,"임디다스","[불편] 사용자 친화적이지 못하고 많이 불편하네요 간단하고 빠르게 하려고 휴대폰어플로 은행업무를 보는건데 많이 불편하게 만들어놨네요",기타
2026-07-16 23:59:37,개인,iOS,2026-01-25 17:09:50,1,"태양의성","[오류] 오류가 너무 자주 뜨고 너무 느립니다",앱 실행/오류
2026-07-16 23:59:37,개인,iOS,2026-01-24 19:59:31,1,"pinky7225","[너무 느림] 갑자기 버벅거리고 느려짐",속도/성능
2026-07-16 23:59:37,개인,iOS,2026-01-23 05:52:26,1,"기업은행발전기원","[시중 은행 어플 중 최악] 시중 은행 어플 순위를 매기자면 솔직히 낙제점! 어플 관리에 투자 좀 하세요. 매번 느려 터져서 속 터집니다!!",속도/성능
2026-07-16 23:59:37,개인,iOS,2026-01-23 00:36:36,1,"네냉레","[버전이] 이전  버전이  사용하기 편했는데  다소 좀  복잡해졌네요",디자인/사용성
2026-07-16 23:59:37,개인,iOS,2026-01-22 20:23:06,1,"붸력","[속도가 너무 느리다] 속도가 너무 느리고 오류 있으면 바로 대처가 안되고 로딩이 심함. 기업은행 삭제할거임",앱 실행/오류
2026-07-16 23:59:37,개인,iOS,2026-01-22 01:37:12,1,"ㅎㅋㅎㅇㅎ","[업데이트 후 앱이 안열림] 앱이 안열리면 돈을 어떻게 찾으라는거임",업데이트 불만
2026-07-16 23:59:37,개인,iOS,2026-01-21 19:47:24,1,"무그드림","[느려요] 요즘들어 앱실행시 엄청 오래걸립니다",속도/성능
2026-07-16 23:59:37,개인,iOS,2026-01-21 13:41:20,1,"한소리","[어플 접근이 안되요] 로그인이 불안해서 이용하겠습니까? 답답하네요.  더군다나 은행 어플인데 민감한데  빨리 개선을 해 주세요.  은행을 갈아타고 싶은 생각이 들기전에 어플좀 살펴 보시기 바랍니다.",로그인
2026-07-16 23:59:37,개인,iOS,2026-01-21 04:05:22,1,"리뷰는무슨 보기는 하는지 참ㅋㅋ","[진짜 쓰기 싫어져요] 로딩 미친듯이 길고 안 들어가지는데 진짜 ㅋㅋ 열 받거든요 근데 쓰면 보긴 하세요? 일을 하긴 해요? ㅋㅋ",속도/성능
2026-07-16 23:59:37,개인,iOS,2026-01-20 17:22:05,2,"Usay1","[앱 실행이 너무 느려졌어요.] 안녕하세요. 스마트폰에서 앱으로 인터넷 뱅킹을 자주 이용하는 사람인데요. 최근에 타은행 대비 앱 실행이 너무 느려졌고 먹통이 되는 경우도 많습니다.",앱 실행/오류
2026-07-16 23:59:37,개인,iOS,2026-01-20 05:23:43,1,"진태하","[신분증 갖다주고 인식하라해도 씨발 못하고지랄이야] 야 이 개 씨발년아 신분증 촬영해서 인식하랬더니 정보다 맞게 입력해도 니가 입력못하면서 무슨 씨발 오류라고 인증안해주냐? 니가 인식 못해놓고 왜 짜증나게 지랄이야 개 씨 발 년 아 뒤질레????? 이 씨발세끼야",앱 실행/오류
2026-07-16 23:59:37,개인,iOS,2026-01-19 21:49:03,1,"ㅇㄹㄹ우ㅡ","[업데이트 후 앱이 안 열려요] 업데이트 후 어플이 안 열려요",업데이트 불만
2026-07-16 23:59:37,개인,iOS,2026-01-17 22:43:26,1,"aaaaddddad","[전역하고 나면 절대 안씀] 입대하는 애들 기업,국민으로 많이 쓸텐데 다시 생각해보길",기타
2026-07-16 23:59:37,개인,iOS,2026-01-15 22:29:02,1,"찬아힘","[진짜 연동성 최악] 어플 진짜 최악임 이체확인증 한꺼번에 발급도 안되고 발급받아도 직인이나 기업은행에서 발급했다는 표기 1도없음  상식적으로 생각해봐라 요즘 세상에 일일히 데스크탑 써서 은행프로그램쓰고 공동인증서 써서 이체확인증을 내가 뽑아야겠냐? 타행은 직인이나 다 보여주더만 적어도 연말정산 편하게 해야될거아냐",인증/보안
2026-07-16 23:59:37,개인,iOS,2026-01-15 21:02:47,1,"환불왕","[UI/UX 거지임] 타행 급여로 이체했더니 당행만 급여로 기록됨.  몇달간 우대금리 못 받았었음.  확인해보니. 받는쪽, 보내는쪽 따로 입력이라고 함.",이체/거래
2026-07-16 23:59:37,개인,iOS,2026-01-14 22:30:12,1,"jmpopi","[신분증 촬영 인식 안돼요] 아무리 해도 신분증 인식이 안돼서 기업은행 지점까지 찾아갔는데 직원도 안된다고 못하더라구요 이거 땜에 대출 연장도 못하고 급하게 상환하느라 자금 계획이 꼬였어요ㅡㅡ 언제 고쳐지나요?",신분증인식
2026-07-16 23:59:37,개인,iOS,2026-01-14 22:04:28,1,"Lovely _Victoria","[개느려요] 뭐 하나 로딩하는데 너무 오래걸려요 업데이트하고 엄청 느려진거 같아요 쓰기 싫어집니다",업데이트 불만
2026-07-16 23:59:37,개인,iOS,2026-01-12 04:58:16,1,"오함맙ㅂㅂ","[이것도어플이냐] 쓸대없는 아이돌사진이나뜨게만들고 오류존나게나게하고",앱 실행/오류
2026-07-16 23:59:37,개인,iOS,2026-01-12 00:05:41,1,"SRTㅗ","[최악] 업데이트하면 설정 다 날려버리고 은행 중 제일 최악",업데이트 불만
2026-07-16 23:59:37,개인,iOS,2026-01-08 07:51:31,1,"26.01.07","[.] 군적금 해지하기 이렇게 힘든 앱은 처음본다 특히 신분증 인식좀 제대로 해줬으면",신분증인식
2026-07-16 23:59:37,개인,iOS,2026-01-07 06:34:20,1,"네정2","[적금 이자 확인 잘보이게] 적금 이자 확인 잘보이게 해줘요 개불편하게바뀜;;",기타
2026-07-16 23:59:37,개인,iOS,2026-01-05 19:59:42,1,"Zack썹","[최악의 은행앱] 신분증 인식도 안되고 UI는 거지같고, 앱은 느리고.... 이래서 안쓰고 싶은데 급여통장임 ㅜㅜ",신분증인식
2026-07-16 23:59:37,개인,iOS,2026-01-05 06:10:37,1,"263721616","[누가 쓰레기 은행 아니랄까봐] 개좆같이 불편하게 바꿔놓고 응대도 여전히 좆같고 ㅋㅋ 더러워서 은행 갈아타렵니다 ㅋㅋ 애미 쳐뒤진 쓰레기은행 쓸데 없어서 몇년쓴거 존나 후회하게 만들어주셔서 감사해요^^",기타
2026-07-16 23:59:37,개인,iOS,2026-01-05 05:19:28,1,"캐나다동포","[외국인등록증불가] 신분증 촬영 단계에서 외국인등록증 거소증은 인식불가. 진행이 안됨",신분증인식
2026-07-16 23:59:37,개인,iOS,2026-01-05 02:31:01,1,"joybeulmyoubg","[느려요] 너무느려요 진짜 은행앱중에 젤 느림..",속도/성능
2026-07-16 23:59:37,개인,iOS,2026-01-04 21:08:30,1,"이띡","[답이 없습니다.] 뭐하나 제대로 작동하는게 없습니다.",기타
2026-07-16 23:59:37,개인,iOS,2025-12-30 23:58:45,2,"쓰레기카카오다없다없어","[어플] 어플키면 단 한번에 되는 적이 없고 강제 종료하고 다시 켜야 화면이 뜨는 기업은행 어플 답답합니다 1년이 넘는데 해결할 의지도 없는 건지 앱이나 안드로이드나 다 같아요",디자인/사용성
2026-07-16 23:59:37,개인,iOS,2025-12-30 08:08:18,2,"행인777","[앱접속오류] 아니왜 업뎃하고 프록시서버문제?로 안들어가지는거죠????",앱 실행/오류
2026-07-16 23:59:37,개인,iOS,2025-12-29 19:31:48,1,"쥐방울새우","[.] 사용자 편의성이 끔찍해서 못쓰겠음",기타
2026-07-16 23:59:37,개인,iOS,2025-12-28 20:27:12,1,"별명짓기어려움여","[기업은행앱 접속이너무 불량해여] 다른 은행도 사용중이지만.. 기업은행 앱키면 접속 속도가 너무 느려요. 지금도 LTE환경에서 신한 우리 은행 모두 정상 접속되는데 기업은행만 안됑요. 이런일이 한두번도 아니고.. 남편도 앱 사용하면서 너무 불편하다고 하네요.. 이참에 다른은행으로 갈아타고 싶은 심정이에요.. 요즘 은행업무 거의 비대면인데..너무 짜증나요…..카드결제하려 접속했는데 하단 Gnb만 보이고 나머진 다 하얀화면 그러다 멈춰버리고 진짜 이런일이 한두번이 아니에요… 사용하고 싶지 않아요.",이체/거래
2026-07-16 23:59:37,개인,iOS,2025-12-27 05:58:07,1,"김기분","[앱이안켜짐] 삭제햇다 다시깔아도 안켜져요",기타
2026-07-16 23:59:37,개인,iOS,2025-12-25 17:58:04,1,"11시30분","[앱 아이콘 다크모드좀 해줘요] 앱 아이콘 다크모드좀 해줘요...",기타
2026-07-16 23:59:37,개인,iOS,2025-12-24 05:21:57,1,"Kjin21","[왜 만든건가요? 최악의 어플] 개인정보 확인 문자가 영원히 안와서 가입조차 안되는 어플.",기타
2026-07-16 23:59:37,개인,iOS,2025-12-24 00:00:13,1,"호로로로대박","[앱실행이안돼요] 이체해야하는데 앱 삭제하고 다시깔아도 똑같습니다ㅡㅡ 몇일째 켜지지도않고 실행도 안되는데 해결좀 해주세요 ㅡㅡ",이체/거래
2026-07-16 23:59:37,개인,iOS,2025-12-23 18:33:43,1,"갑순이삼촌","[진짜 그냥 기업은행 자체가 쓰레기다] 앱도 앱이지만 ㅋㅋㅋㅋㅋ 말하기도 기네 하…. 진짜 벌레같은 앱하고 기업… 참나",기타
2026-07-16 23:59:37,개인,iOS,2025-12-21 22:11:26,1,"ㅓㅓ러오너남","[회원가입이 안 됩니다] 아니 주소지를 20번은 넘게 고치고 쓰고 카카오맵에서 복붙해서 집어넣고 상세주소까지 다 자세하게 집어넣고 지번까지 입력했는데도 주소지를 아예 찾을 수 없다고 뜨면 어떻게 하라는거죠? 문의를 넣고싶어도 로그인을 하고 회원가입을 하라고하는데 주소지를 찾을 수가 없으니까 회원가입 자체가 안 되잖아요",로그인
2026-07-16 23:59:37,개인,iOS,2025-12-21 06:49:37,1,"빙그래엠버서더","[??] 문자인증하라는데 몇번을 해도 문자가 안 오네요. 개선 좀 부탁드려요…",기타
2026-07-16 23:59:37,개인,iOS,2025-12-19 23:13:23,1,"누나어두미낭더ㅐ짖","[존나 씨발 민증 인식도 못하는 개쓰래기 앱] 장애앱",기타
2026-07-16 23:59:37,개인,iOS,2025-12-18 09:19:16,1,"돈 빼야하는데…","[신분증 촬영 이후 무응답] 신분증 촬영 이후에 무응답입니다 02:00 부터 계속 하는네 잘 안 되네요. Ocr 이 잘못되면 문구라도 나와야할것 같은데 로딩만 하다가 그냥 그 화면에서 이동이 안됩니다",신분증인식
2026-07-16 23:59:37,개인,iOS,2025-12-17 23:23:14,1,"얼리어답터걸","[앱 개느림] 앱이 진짜 너무 느려요... 아예 켜지지도 않고 메뉴 눌러도 흰 페이지만 뜹니다;",속도/성능
2026-07-16 23:59:37,개인,iOS,2025-12-17 19:14:19,1,"이건 선넘었네","[로그인] 가입하는데 문자가 안와요 인증문자",로그인
2026-07-16 23:59:37,개인,iOS,2025-12-17 14:52:56,2,"안먹었어","[최근 앱 멈춤] 자꾸 앱멈춰서 조회가 어려움",앱 실행/오류
2026-07-16 23:59:37,개인,iOS,2025-12-15 02:18:01,1,"오류마스터","[카메라 앞뒤 구분 못함?] 고객인증 재확인 하래서 신분증 인증하는데 뭔 전면 카메라만 나오냐 당신이 한번 해볼래? 전면카메라로 신분증 찍는거. 한시간넘데 지랄 쌩쑈를 하다 포기한다. 고객센터에서는 앱 지우고 다시 깔리는데 지웠더니 이제 가입도 못하네 ㅋ 다시 깔아도 신분증 인증하는데 전면카메라만 되서ㅋㅋ 안할랜다",신분증인식
2026-07-16 23:59:37,개인,iOS,2025-12-14 23:51:22,1,"J.H.Park01","[앱좀 똑바로 만들어주세요] 인증서 가져오는데 몇십분 걸리고 촬영도 제대로 안 됩니다",인증/보안
2026-07-16 23:59:37,개인,iOS,2025-12-14 22:40:16,1,"돌아와ㅠㅠ","[어플 나갔다가 다시 들어오면 무한로그인실패 이거 어쩔거죠] 계속 로그인 실패했다고 5-6번 이상 다시 로그인하라는데 짜증나요.",로그인
2026-07-16 23:59:37,개인,iOS,2025-12-13 19:42:17,1,"유몬스터","[계속 오류] 버튼 하나 하나 눌르는데 오류랑 랙이 엄청 나네요, 뱅킹이 전혀 안돼고 있어요. 돈 빼내야하는데 진짜 빡치네",앱 실행/오류
2026-07-16 23:59:37,개인,iOS,2025-12-12 18:36:37,1,"Dkrjcornfc","[이체] 이체할때 최근이체내역 이름검색 기능 언제쯤 개선될까요?? 불편해 죽겠습니다 미니로 입금 하려면은 번거롭습니다 빨리 개선 부탁드려요",이체/거래
2026-07-16 23:59:37,개인,iOS,2025-12-10 07:57:36,2,"하히우애요","[업데이트불만] 이체시 전에 이체한 세부내용이 안나와서 너무 불편해요  이체내역에서도 이름만 나오고 ...  아 정말 왜그러세요,",업데이트 불만
2026-07-16 23:59:37,개인,iOS,2025-12-10 03:07:20,1,"로봇아님니다","[왜 오류가 맨날…ㅠ] 오류가 너무 많이나서 앱이 안열려요ㅠㅠ삭제해도 다시 오류ㅠ",앱 실행/오류
2026-07-16 23:59:37,개인,iOS,2025-12-10 02:44:17,1,"잘생긴켠","[무한로딩] 어플 켜지는데 무한 로딩.. 로그인 하는데 무한 로딩... 이체 화면 켜지는데 무한로딩... 무한 지옥인가 ㅡㅡ 이체하려는데 어플을 몇 번이나 껐다 켜야하는지... 서버 좀 잘 굴러가게 해주세요 제발.. 은행 어플이잖아요.. 쓸데 없는 어플이 아니라 이제는 생활 필수 앱인데 이러니깐 너무 답답하네요.",로그인
2026-07-16 23:59:37,개인,iOS,2025-12-09 12:00:23,1,"lilili7212","[신분증 촬영 안됨 ㅋㅋㅋ 쓰레기어플] 업데이트도 안해 개판이네",업데이트 불만
2026-07-16 23:59:37,개인,iOS,2025-12-08 22:36:06,1,"hdidjfnff","[신분증 인식 안됨] 토스 kb 신한 우리 케뱅 등 다 신분증 인식 잘만되는데 기업은행만 밝은곳에서 찍으면 빛번짐있다, 어두운곳에서 찍으면 어둡다고 인식안돼요 아이폰 신분증 사진 인식 자체가 불가능합니다",신분증인식
2026-07-16 23:59:37,개인,iOS,2025-12-08 18:13:50,2,"Master Yoo","[알림 설정] 아이폰 사용자입니다. 어플내에서 알림을 설정하려고하는데 아이폰 설정>알림>i-one bank에서 알림을 허용하라고 나옵니다. 그런데 아이폰 설정에 가보면 알림 허용 메뉴가 안나옵니다. ios문제인지 어플 문제인지 알 수가 없네요 ㅜㅜ",알림/푸시
2026-07-16 23:59:37,개인,iOS,2025-12-08 03:44:38,1,"흥박이","[업데이트 하더니 ㅂㅅ됨] 톡톡송금인가 생기더니 계좌이체하는데 금액 복사도 안되고 점점 구려지는 중",업데이트 불만
2026-07-16 23:59:37,개인,iOS,2025-12-07 08:18:00,1,"가우누우우나","[버전바꾸고 개병신] 업데이트 하고 버전 바꾸고나서ㅜ존나게 느랴 씨발거 개 잣같네 진짜 로그인만 1시간 기다려한 씨발 젓같은거",로그인
2026-07-16 23:59:37,개인,iOS,2025-12-04 20:07:27,1,"fnyzjfktdhf","[오류] 어플이 계속 오류나서 들어가지질않아요",앱 실행/오류
2026-07-16 23:59:37,개인,iOS,2025-12-03 21:52:38,1,"pharmmmmmm","[아이폰17 최적화해주세요!!] iPhone 17에서 최적화 가 안 되어 있음 형편 없음. 출시된지가 언젠데. 회원인증 로그인조차 안됨. 아래쪽에 확인 버튼이 안 보여서 진행ㅇ 안됨. 어이없음. 다른 은행으로 갈아 타고 싶음.",로그인
2026-07-16 23:59:37,개인,iOS,2025-12-03 02:31:43,1,"차이맨","[Ios15 이하라 업데이트불가] 기업뱅킹 앱사용불가  Ios 13미만도 사용할수 있게 돌려주세요",업데이트 불만
2026-07-16 23:59:37,개인,iOS,2025-12-02 13:19:26,1,"이것은내아이디","[진짜 쓰레기 어플] 신분증 촬영하다 화딱지 나네",신분증인식
2026-07-16 23:59:37,개인,iOS,2025-12-01 20:18:57,1,"그냥ㅇ","[수정바람] 최근 이체내역 검색되게ㅜ바꿔주세요 모든 계좌를 저장해논것도 아닌데 줄줄줄 입력돼있는거 하나하나 보고 누르게 해놨네요. 상당히 비효율적입니다. 거래내역에 계좌번호 뜨는 것도 아니고 어케 찾으란건지 ;",이체/거래
2026-07-16 23:59:37,개인,iOS,2025-11-29 00:26:07,1,"개토나옴","[멀쩡한앱 둬죽박죽 만들어놓음] 멀쩡하게 잘쓰고있는 앱을 더 쓰기불편하게 만들어놓고 빨리 기업은행에서 다른은행으로 길아타야지",기타
2026-07-16 23:59:37,개인,iOS,2025-11-27 21:00:01,1,"우누ㅏ자나","[어플이 안켜져요] 어플에 들어가지지가 않아요, 어떻게 쓰라는건가요?",기타
2026-07-16 23:59:37,개인,iOS,2025-11-27 17:39:21,1,"아ㅏㅏㅏㅏㅏㅍㅊㅊㅊ","[넘 느려요] 퇴직연금 메뉴 실행하려는데 맨날 흰창 창이 안뜸 속터짐",속도/성능
2026-07-16 23:59:37,개인,iOS,2025-11-27 06:36:40,1,"shabellwoo","[신분증 인식 문제로 모바일 인증서 발급이 굉장히 불편해요] 신분증 사진이 잘 안찍히고  운전면호 번호도  틀리게 읽어와서 한시간 걸렸어요 자동으로 읽어오는 번호가 틀릴 거라고 상상도 못 했네요 여기에 동그란 화면에 제 얼굴을 대면 제대로 인식을 못해서 방 이리저리 돌아다니며 한참 걸렸어요 굉장히 밝은 LED 등이었는데 말이죠  핸드폰 변경에 따라 다른 은행 앱들도 동일하게 진행 했는데 다른 은행들은 단번에 됐는데 기업은행만 제대로 진행 되지 않았어요  신분증 사진을 읽는 것과 신분증 사진을 대조 하기 위해 얼굴 촬영 하는 부분에 많은 개선이 필요 할 것 같습니다",신분증인식
2026-07-16 23:59:37,개인,iOS,2025-11-26 17:06:13,1,"라오ㅗ니","[업데이트 후 더 이상해짐] 자주하는 이체나 최근 이체내역 등 다없애버렸네 하 못쓰겠네진짜",업데이트 불만
2026-07-16 23:59:37,개인,iOS,2025-11-26 14:24:54,1,"사용자님1","[비추] iPhone에서 앱 겁나 끊김 속터짐",속도/성능
2026-07-16 23:59:37,개인,iOS,2025-11-26 06:07:58,1,"채니뿡","[개빡치네요] 인증때문에 신분증 인식 50번 넘게했는데 발급일자 지 마음대로 읽어서 안되네요 그냥 수기로 바꾸던가 개빡치네요",신분증인식
2026-07-16 23:59:37,개인,iOS,2025-11-23 00:35:30,1,"알럽서울","[개 &₩가튼 신분증 인식장애] 신분증 촬영 인식이나 고쳐라 이 ₩₩가튼 ㅅㅋ들아",신분증인식
2026-07-16 23:59:37,개인,iOS,2025-11-22 17:14:17,2,"구름속에별","[앱 개편 전으로 돌려주세요] 기업은행이 나이많은사람들이 많이 사용하는데 UI가 어렵게 변경된거같아요 이체 즐겨찾기 추가 삭제 그룹 순서 등등 젊은 사람들이야 금방 익숙해지지만 다양한연령대 유저들도 생각해주시면 감사하겠습니다",이체/거래
2026-07-16 23:59:37,개인,iOS,2025-11-20 20:43:51,1,"virgo9839","[입출금 알림 잔액 표시] 언제 됩니까~ 불편해 뒈지겠네",이체/거래
2026-07-16 23:59:37,개인,iOS,2025-11-20 09:22:17,2,"ehsald","[오류발생진짜 열받네요] 똥개훈련시키는것도 아니고",앱 실행/오류
2026-07-16 23:59:37,개인,iOS,2025-11-19 21:33:02,1,"달래꾸","[검색기능 돌려주세요] 업데이트 후 이체할때  이름검색해서 찾는 기능이 사라졌어요  돌려놔주세요ㅠ",업데이트 불만
2026-07-16 23:59:37,개인,iOS,2025-11-19 02:12:26,1,"ㅁㅈㅇㄱㅎㅅ","[안드가지는데요] 뭘 네트워크 오류에요,,, 드가지지도 않고 다른 어플 다 잘되는데ㅠ",앱 실행/오류
2026-07-16 23:59:37,개인,iOS,2025-11-18 22:28:19,1,"원펌맨","[신분증 촬영] 사진 초점 왜케 안잡히나요? 아이폰 17프로 휴대폰 문제는 아닌데 소프트웨어가 참 형편 없네",신분증인식
2026-07-16 23:59:37,개인,iOS,2025-11-17 21:24:08,1,"오에이","[앱을 켤수가 없네요..] 어떻게 된게 앱을 켰다하면 무한로딩하다가 네트워크오류라 뜨면서 접속이 안되네요..  예전 버젼이 훨씬 좋네요.. 제발 좀.. 개발 이렇게 하지 맙시다.. 아직도 이정도면 개선의 의지가 없다고 보는게 맞겠죠?",앱 실행/오류
2026-07-16 23:59:37,개인,iOS,2025-11-17 19:43:14,1,"Kako5678","[최악의 은행 어플] 기본적으로 어플 켜면 제대로 작동하는 경우가 절반이 안됨, 허구헌날 오류로 재부팅되고  급하게 이체하려고 할때도 제깍제깍 작동하는 꼴을 보기가 힘듬 기본기능부터 좀 정비를 하시길",앱 실행/오류
2026-07-16 23:59:37,개인,iOS,2025-11-17 18:40:11,1,"류뢀뢰","[거래내역 출력] 다른 은행 어플은 어플에서 거래내역 내보내는게 되는데 여기만 안되네…",이체/거래
2026-07-16 23:59:37,개인,iOS,2025-11-17 07:29:44,1,"흐규","[아이폰17오류] 아이폰17에서 해당 앱만 구동이 안되고 어어어엄청 느려서 구 어플쓰고있는데 어플 종료라뇨",앱 실행/오류
2026-07-16 23:59:37,개인,iOS,2025-11-16 02:35:54,1,"zpdlql1999","[다크모드 아이콘 만들어주세요] 다크모드 아이콘 만들어주세요 그리고 NEW 이런거는 안 붙여도 될 것 같아요",기타
2026-07-16 23:59:37,개인,iOS,2025-11-14 22:45:22,1,"잘되는부적","[민증 글자 인식이 잘 안 돼요] 계좌개설 하려고 민증 사진 찍는데, OCR 인식에 문제가 있는건지 날짜 인식에 계속 실패해요 .. 근데 수정은 또 못 하게 해두셔서 아예 계좌개설을 못 하게 되버리네요",이체/거래
2026-07-16 23:59:37,개인,iOS,2025-11-14 19:07:52,1,"이이이이잉?","[ㅋ] 흰화면만나오고 재설치하니 신분증 사진촬영도 안찍히고 그지같은 어플님 이제 안쓸게요 꺼져요 걍",앱 실행/오류
2026-07-16 23:59:37,개인,iOS,2025-11-14 15:47:53,1,"Jsjmt","[외국인등록증 인식 안됨] 가입하려고 외국인등록증 신분증 촬영하는데 정상적으로 촬영이 되어 카메라모드가 자동으로 종료되도 다음단계로 넘어가지지 않네요.  진짜 2000번 조금 안되게 했는데요 전혀 다음 단계로 넘어가지 않아요.",신분증인식
2026-07-16 23:59:37,개인,iOS,2025-11-13 20:52:17,1,"금최","[도로명 주소, 구 주소 검색 안됌] 진짜 뭐 가입을 해야 뭔 가를 하던지 하는데 집주소가 검색이 안되는건 처음 봤네요 수정 해주시거나 해결 방안을 알려주세요 30분 넘게 주소 검색 안되고 어플도 지웠다 깔아보고 웹사이트로도 가입하려했는데 도로명부터가 검색이 안되니 초장부터 가입이 안되네요",기타
2026-07-16 23:59:37,개인,iOS,2025-11-13 18:02:11,1,"밀키도도","[업데이트 이후 불편함] 카드사용내역이나 선결제 인터페이스  다 분산되있어서 개불편해짐 뭔 의도에 업데이트인지 몰르겠음",업데이트 불만
2026-07-16 23:59:37,개인,iOS,2025-11-12 17:27:10,1,"hkhm10","[이번 업데이트 진짜 불편] 기존 직관적인 메뉴가 더 편했는데, 타사 은행 어플 따라한 것 같음. 전체 다 바껴서 너무 불편함. 그리고 이체 할 때 한번에 보이던 항목이 버튼을 여러번 눌러야 단계가 거침. 그리고 아래 주식 탭에 들어가면 주식 하지도 않는데 홈으로 가는 버튼이 안 보여서 메뉴 버튼 눌러서 다시 홈 버튼 눌러야 함. 주식이나 상품 더 가입하라고 유도하는거 같은데, 기존이 더 나음. 기업은행 특색도 없어진거 같고. 기존 설정도 다 없어져서 불편합니다.",업데이트 불만
2026-07-16 23:59:37,개인,iOS,2025-11-12 15:39:17,1,"racegrace","[아이폰17 어플 먹통] 아이폰 17로 바꾸고 어플 실행하면 흰화면만 나오고 어쩌다 넘어가도 외국인 인증 페이지 같은거 나옴 설정 동작 어쩌구 비활성화해도 똑같음 나 계좌 잔액 좀 보자고",앱 실행/오류
2026-07-16 23:59:37,개인,iOS,2025-11-12 04:02:20,1,"후류츄튜후규수","[뱅킹하려면 폰을 바꾸라는 말인가??] 업뎃불가한 기기, 최소버전 이하 사용자들은 쓰지말라는 거임? 왜 자꾸 쓸데없는 짓들을 할까? 대책을 준비는 한걸까? 그럴리가 없겠지 다른은행 이용하라는 거지? 폰도 안 바꾸는 거지들은 계좌들고 다른 데로 꺼지라는 거지?",이체/거래
2026-07-16 23:59:37,개인,iOS,2025-11-12 03:42:02,1,"람보르비기닝","[아이폰17 대응좀 해주세요] 화면에 아무것도 안나와요 재설치해도 동일합니다",디자인/사용성
2026-07-16 23:59:37,개인,iOS,2025-11-09 05:48:40,1,"Ssdddk","[진심 ui기획한 책임자가 누군지] 인터페이스에서 중요한 순서가 너네는 신규고객 모집이야? 도대체 몇명이나 신규로 들어온다고 기존고객이 로그인하는 버튼을 구석으로 몰아? 기존고객이 첫화면 보는횟수가 많을꺼같아 아님 신규고객이 가입화면 못찾아서 이탈률이 높을꺼같아?도대체 기획승인한사람은 전문가가맞음?",로그인
2026-07-16 23:59:37,개인,iOS,2025-11-08 21:45:57,1,"Asssdamakekf","[회원가입이 안됩니다] 아이폰 13미니에서 아이폰 17로 기기볌경만 했는데요, 회원가입 진행 시 인증 문자가 와야되는데 문자가 안와서 사용을 못하고 있습니다  연장하면서 기다려봐도 안오고 일부러 만료시킨뒤 재전송도 안되네여 어떻게쓰란건지,, 업무를 못보잖아요 ㅡㅡ",기타
2026-07-16 23:59:37,개인,iOS,2025-11-04 05:01:30,1,"에쏘쏘","[로그인 오류] 로그인하면 '로그인하지 않았거나, 장시간 사용하지 않아 접속이 종료되었습니다. 다시 로그인 해 주시길 바랍니다. ' 이런 창이 뜹니다. 저만 이런 오류가 있는건가요? 매번 그런건 아니고  보통 세번 로그인하면 한번은 그러는거 같아요.  어떨땐 다시 로그인하면 바로 되고 어떨땐 3번 4번씩해야  로그인이 됩니다. 이런 경우 첨이라 짜증이 납니다. 개선해 주세요!!",로그인
2026-07-16 23:59:37,개인,iOS,2025-11-03 18:53:32,1,"goodwwwww","[흰 바탕화면] 너무 느려졌고 메뉴 이동하려고 하면 바탕화먼 흰색으로 바뀌고 먹통됩니다.  캐시삭제요?  해도 똑같아요  개선좀 해주시기 바랍니다.",앱 실행/오류
2026-07-16 23:59:37,개인,iOS,2025-11-02 05:10:26,1,"이 앱 문제있음","[접속 먹통] 먹통 그자체",앱 실행/오류
2026-07-16 23:59:37,개인,iOS,2025-10-29 02:06:49,1,"ㄷㄱㅈㅅㅈㄴㅈㄱㅈㅅ","[회원 가입도 안 돼] 회원 가입도 안 되는 앱 수준보소",기타
2026-07-16 23:59:37,개인,iOS,2025-10-28 22:58:00,1,"횬찡잉","[업뎃 후 기능저하] 입출금 내역에 메모 남기려고 누르면 흰색 화면으로 바뀌고 먹통되면서 핸드폰 멈춤… 또 나갔다가 로그인 다시해야하고.. 너무 불편해요",로그인
2026-07-16 23:59:37,개인,iOS,2025-10-27 17:55:10,1,"Ksyu_Kim_Yu","[외국인 고객 본인인증 실패] 명의 중간에  띄어쓰기 들어가있어서 앱을 사용 못하게 되었다.계좌 관리 일 생길때 마다 은행 직접 해야해서 너무 불편하다 ㅠㅠ 은행 직원이도 죄송하지만 와질수없으니까 시스템 수정할때까지 은행 반문하라고 하셨다.",신분증인식
2026-07-16 23:59:37,개인,iOS,2025-10-25 15:47:54,1,"까잡숴","[어플 개선할거면 제대로 해라] 카드 연간이용실적 항목도 사라지고 다중이체도 사라지고 개선할거면 제대로 하던가 아니면 그냥 하지마라 이제 은행 바꾼다",이체/거래
2026-07-16 23:59:37,개인,iOS,2025-10-23 23:24:05,1,"이걸 왜 못깸 ㅋㅋ","[환불 정책] 타 은행 앱에서는 환불이 자동으로 진행하는데 여기는 ㅋㅋㅋ 일주일 걸림 인터넷으로 예약할거면 ibk로 하지마세요 카카오뱅크나 다른 앱에서 하세요",기타
2026-07-16 23:59:37,개인,iOS,2025-10-22 02:23:54,2,"음냐바페","[데이터로도 못 들오가나요] ios26으로 바꾼 이후로 네트워크에 문제가 있다면서 나가지는데 좀 고쳐주세요..물론 데이터 속도가 느리긴 하지만 그렇다고 아예 못 들어가면 어떻게 쓰라는건가요..업데이트 전으로는 잘 되었는데 다시 가능하게 해주십쇼",업데이트 불만
2026-07-16 23:59:37,개인,iOS,2025-10-21 22:25:11,1,"푱양냉묜","[시간이 지날수록 무거워지는 느낌] 예전엔 안그랬는데 앱이 점점 무거워지는 느낌입니다 이체 급하게 필요할때 앱 부팅시간이 너무 느려서 다른 어플을 사용하게 돼요",이체/거래
2026-07-16 23:59:37,개인,iOS,2025-10-21 18:24:11,1,"8282조치부탁","[아이폰12미니 앱실행안되여] 지우고 다시깔고 재부팅해도 계속 오류나고 앱 실행안됩니다  확인부탁합니다",앱 실행/오류
2026-07-16 23:59:37,개인,iOS,2025-10-17 08:01:58,1,"요리쟁이","[도대채 언제 개선되나요?] 폰 바꾸고 벌써 한달이 지났는데, 전화하면 기다려달란소리만 창구에가면미안하다고만하고,급여통장안아니면 정말 은행 바꾸고싶네요",기타
2026-07-16 23:59:37,개인,iOS,2025-10-17 02:04:07,1,"알아서 할게","[언제 고쳐줘요] IOS26업데이트 하고 바 안사라지는데 언제 고쳐줘요 온라인뱅킹을 쓸 수가 없어요 빨리 해주세요 제발",업데이트 불만
2026-07-16 23:59:37,개인,iOS,2025-10-16 18:48:03,1,"Henryyy6","[앱이 안켜져요] 얼굴인식하고 꺼져버림 계속",앱 실행/오류
2026-07-16 23:59:37,개인,iOS,2025-10-16 00:48:01,1,"확인칸이 안뜸","[어찌 쓰라고?] 회원가입 하는데 확인 칸이 밑에 뜨지를 않는데 어찌 쓰나요...",기타
2026-07-16 23:59:37,개인,iOS,2025-10-15 23:24:34,2,"Amy9011","[최근업데이트 오류너무많음] 이정도 기본 검수도 안하고 업데이트 진행하나요?? 송금하는 페이지부터 화면 세로길이값이 전부 짧아져 화면이 보여지지않고 버튼 사라지고 스크롤은 안되고 진짜 명절때 너무 짜증이나서 잘쓰던 기업은행앱 삭제할까 고민할정도로 사용시 너무불편해서 화가났습니다 고객문의에 글 남기려해도 스크롤안되고 화면 비율 잘려져있고 다음페이지 넘어가지도 않고 진짜 화딱지 났네요 이정도 은행앱 업데이트면 앞으로 좀 더 신중히 검수하고 진행해주세요",앱 실행/오류
2026-07-16 23:59:37,개인,iOS,2025-10-15 20:14:30,1,"[해피포인트ID : tjddnr0428]","[iOS26 탭란 안보임] 제목과 같이 탭란이 아래로 보이지 않아 업무 처리 불가합니다.. 해결해주세요",기타
2026-07-16 23:59:37,개인,iOS,2025-10-15 07:37:31,1,"정정정정저엊","[폰바꾸고 안되요] 폰바꾸고 밑에 하단바가 생겨서 페이지가 안넘어가요 어플 못쓰고 있음",기타
2026-07-16 23:59:37,개인,iOS,2025-10-15 06:12:49,1,"두팔","[스크롤] 안내려가는데 왜이러나요",기타
2026-07-16 23:59:37,개인,iOS,2025-10-15 03:08:00,1,"엉엉흐흐","[앱이 밑부분이 하얗게되면서 앱을 아예못쓰고있습니다] 지웠다깔아도안되고껐다 다시켜도 안되네요 ㅠ",기타
2026-07-16 23:59:37,개인,iOS,2025-10-14 22:57:55,1,"cooky8711","[데이터없으면 쓰지말라는거죠?ㅋㅋㅋ] 업뎃하고, 로딩이 한 7초 안되면 네트워크 문제라고 재시작하라고 하고 열리지도 않아요  데이터 다쓴 후 기본속도로는절대 안열려서ㅋㅋㅋ 계좌이체도 못함  통신사랑 짬짜미예요? 계좌이체 때문이라도 옮겨야겠어요",이체/거래
2026-07-16 23:59:37,개인,iOS,2025-10-14 06:03:31,1,"리뷰쓰러옴1","[엄청나게 느림 도저히 못씀] 멀쩡히 잘되다가 업데이트 한뒤론 초기 로딩시간 엄청길고 그마저도 안떠서 앱 재시작만 몇번을 해야되고 진짜 개 빡침. 급하게 송금해야되는데 매번 어플 작동 안되고 먹통이라 이제 주거래은행까지 갈아탈예정 ㅅㄱ 이대로 냅두면 도태되고 망하겠지",앱 실행/오류
2026-07-16 23:59:37,개인,iOS,2025-10-14 03:19:54,1,"범범ㅂ멉멉멈","[안들어가져요] 언제쯤 들어가지나요..? 결제할게많은데,, 아직도안들어지네요,,",이체/거래
2026-07-16 23:59:37,개인,iOS,2025-10-13 21:30:19,1,"굳구ㅛ굳","[입출금 알림 잔액표시 안됨] 아이원 알림앱에서 이거로 알림 통합 운영한다면서 기존에는 입출금 시 잔액도 같이 표시되었는데 이제 안되네요? 서비스 구려짐 유료 서비스로 유도하는거아니에요?",이체/거래
2026-07-16 23:59:37,개인,iOS,2025-10-13 14:08:05,1,"에잇__.","[오류] 로그인오류로 사용을 할수가 없음.",로그인
2026-07-16 23:59:37,개인,iOS,2025-10-13 07:52:42,1,"하히라이니미다","[아니... 로그인도 안되게] 로그인도 안되게 앱을 만들면 어떡하죠 갤럭시는 안그러는거 같은데 아이폰 바꿔도 다시 설치해도 로그인 창에서 동의하기 버튼을 누를 수가 없어요. 키보드 내리기도 안되고,, 뭐 어쩌자는 건지 모르겠네요..",로그인
2026-07-16 23:59:37,개인,iOS,2025-10-13 07:21:03,1,"뭐야별명짜증나게","[아이폰17promax 에서 가입하기 오류] 개인정보 입력하고 약관 동의후에 다음화면으로 넘어갈수 없음",앱 실행/오류
2026-07-16 23:59:37,개인,iOS,2025-10-13 03:01:08,1,"히오333","[ios 26 업데이트 후] 입출금 알림이 오지를 않음",업데이트 불만
2026-07-16 23:59:37,개인,iOS,2025-10-13 02:17:29,1,"zz-0-zz","[돈보내기 불편해짐] 아니 무슨 업데이트를 하고  돈 보내는게 더 불편할수가 있는지  보냈던사람 검색하기를 못찾는건지 아예 안보이네요   제발 어플 사용해보고 업데이트좀",업데이트 불만
2026-07-16 23:59:37,개인,iOS,2025-10-13 01:18:33,1,"ㅁㅅㄱㄱ","[알림설정?] 알림 꺼놨는데 앱 실행할때마다  알림 받을려면 설정에서 켜라고 자꾸 창이 뜨는데 뭐하자는거지 일부러 끈건데 자꾸켜라니?? 본인이 필요하면 켜긋지  왜 이따구로 만들었을까",기타
2026-07-16 23:59:37,개인,iOS,2025-10-13 01:08:24,1,"The Keith","[아니] 이체가 안되잖아요 보이스피싱 확인하고 진행버튼 누르면 팝업창 하나뜨고 누르는 버튼도 없고 글씨도 쓰다만거만 나오고 내돈인데 내가 못쓰는 상황 ㄷㄷㄷ",이체/거래
2026-07-16 23:59:37,개인,iOS,2025-10-13 01:04:55,1,"팤두","[오류 너무 많아요] 네트워크 오류 개많이 나요. 접속 로딩 시간도 다른앱에 비해서 너무 오래걸리고요;; 좀 고쳐주세요",앱 실행/오류
2026-07-16 23:59:37,개인,iOS,2025-10-11 10:18:36,1,"노 알 ㄹㅏ","[앱오류] 로그인 하려니깐 앱오류 산더미 통신사는 SKT하나만 뜨네요",로그인
2026-07-16 23:59:37,개인,iOS,2025-10-10 19:15:49,1,"코코니 뿡뿡","[앱이 테스트가 안된건지...] 로그인도 안되고, 이상한 화면 나오고,흰화면도 나오네요.... 빠른 수정 필요합니다.",로그인
2026-07-16 23:59:37,개인,iOS,2025-10-10 03:01:42,1,"제발제발111","[ios26 업데이트 후 오류] ios26으로 업뎃하고 폰 바꿨는데  본인인증 할때 통신사 골라야되는데 하얀 화면으로 가려져서 못하는중임 추석 전부터 그랬는데 시간 지나면 괜찮아지겠지하고 뒀는데 도대체 언제 고치나요 적금 신청할것도 있는데 못하고 있어요",앱 실행/오류
2026-07-16 23:59:37,개인,iOS,2025-10-10 01:52:28,1,"순대1인분포장이요","[어플 개편 후 불편한 점] 네트워크 오류가 자주 발생해요 급하게 돈 보내야하는데 어플이 자주 안 켜져요 토스 안 썼으면 저 신용불량자 됐어요 알림설정하라는 팝업도 안 보고 싶어요",앱 실행/오류
2026-07-16 23:59:37,개인,iOS,2025-10-09 22:09:40,2,"infinity_ys","[네트웍 오류] 셀룰러 데이터 1M 인데 접속이 안되네요.",앱 실행/오류
2026-07-16 23:59:37,개인,iOS,2025-10-09 17:22:59,1,"rozeniii","[잔액표시알람기능 대체 언제 수정해요] 기본적인 기능을 없애시면 어떡합니까 진짜 앱 답답하네",기타
2026-07-16 23:59:37,개인,iOS,2025-10-09 14:59:08,1,"노청","[소소하게 엄청 불편해짐] 친절한 척하는 ui인데 실상은 내 계좌 이체할 때 별명도 안 보여줌  최근 입금계좌/ 즐겨찾기도 지들이 다 해체해놓고 나보고 최근 설정 들어가서 다운받으래 ㅋㅋㅋㅋㅋㅋㅋㅋ 아니 대체 누굴 위한 업데이트야  진짜 너무 불편하네 ㅡㅡ",업데이트 불만
2026-07-16 23:59:37,개인,iOS,2025-10-09 14:55:17,1,"쿠모님","[앱 인증 확인창 오류] 앱 가입 및 기존가입자 앱삭제후 다시 깔았을시 개인정보입력후 다음창으로 넘어가는 버튼이 없어요 확인후 조치해주세요",앱 실행/오류
2026-07-16 23:59:37,개인,iOS,2025-10-08 17:33:26,1,"봉준남","[업데이트하기전에 제발테스트좀하고배포하세요] ios25업데이트하고 이체들어가서 계좌번호랑은행선택하고 이체하기버튼이없어요",업데이트 불만
2026-07-16 23:59:37,개인,iOS,2025-10-08 01:53:16,1,"User1982Kim","[계좌이체 불가] 이번 업뎃이후 계좌이체가 안됩니다.",이체/거래
2026-07-16 23:59:37,개인,iOS,2025-10-07 22:35:16,1,"앱1222","[아이폰16프로인데] 저도 안열립니다.... 오류 개선 부탁드립니다",앱 실행/오류
2026-07-16 23:59:37,개인,iOS,2025-10-07 01:16:13,1,"dusangs","[계좌 검색] 이체할때 상대방 계좌 검색 기능 어디로 갔나요???? 일때문에 돈보내야하는 거래처가 여러곳인데…",이체/거래
2026-07-16 23:59:37,개인,iOS,2025-10-06 20:53:51,1,"벤자민민","[아이폰 17pro] 제가 이번에 폰을 바꾸고 다시 로그인하려고 인증하고있는데 통신사선택에서 오류인지 밑에 창이 짤려서 다른 통신사 선택을 못해서 들어가질 못하고 있습니다. 빠른 해결 부탁드립니다.",로그인
2026-07-16 23:59:37,개인,iOS,2025-10-06 14:31:02,1,"팡세77","[추석때] 추석 때 앱이 계속 안 열려서 필요한 송금을 못했어요. 10년 넘게 안 쓰던 하나은행 어플로 로그인해서 간신히 송금. 심지어 이틀째 안되는중. 아이폰 16프로인데 저만 이런가요",로그인
2026-07-16 23:59:37,개인,iOS,2025-10-06 07:00:50,1,"포푸풀푸","[잔액 미표시 문제] 사용시 출금금액만 나오고 잔액표시는 대체 왜 안나오게 바뀐거죠?",이체/거래
2026-07-16 23:59:37,개인,iOS,2025-10-06 00:20:58,1,"laiusf","[네트워크 오류라고 뜨면서 실행안되요] 답답해죽겠네요 처리할게있는데 업데이트 왜한건가요",앱 실행/오류
2026-07-16 23:59:37,개인,iOS,2025-10-05 18:25:19,1,"개같이튕기네","[업데이트좀 해라 아 더럽게 짜증나네] skt만 가입하라는건가? 통신사선택이 skt 밖에 안뜨고 화면밑으로 내려가질 못하는데 어쩌라는건지",업데이트 불만
2026-07-16 23:59:37,개인,iOS,2025-10-05 00:48:54,1,"Chaemmmmm","[업데이트 해주세요] 아이폰 17 구매 후, 앱 다시 로그인하려고 하니 인증이 진행이 안됩니다. 통신사 인증은 skt 밖에 안뜨고 나머지 인증 방법에서는 약관동의가 안됩니다.",로그인
2026-07-16 23:59:37,개인,iOS,2025-10-04 18:47:12,1,"kimhyundong0304","[앱 바뀌고] 앱 바뀌고 열리지 않는다! 내 돈!!!! 은행 갈아타야겠네!",기타
2026-07-16 23:59:37,개인,iOS,2025-10-04 07:41:13,1,"홍민택1","[키보드만 올렸다하면 맛감] ios26으로 업데이트하고 나니 문자나 숫자 같은거 입력하고 나면 키보드 있었던 화면 메뉴들 보이지도 않고 클릭도 안됩니다  빨리 업데이트 해주십쇼",업데이트 불만
2026-07-16 23:59:37,개인,iOS,2025-10-03 19:35:29,1,"율리시스넘버원","[앱실행이안되요.] 지금 이주넘게 네트워크오류라고 앱이 실행이안되요. 소프트웨어 업데이트 최신까지 ios26.0.1까지 다했는데 왜 실행이안되나요. 은행업무봐야되는데 대체 어떻게해야되요.",앱 실행/오류
2026-07-16 23:59:37,개인,iOS,2025-10-02 21:20:22,1,"하은9","[모바일 전용등급] 안되서 계속 다음단계로 안넘어가네요 다 했는데 해지만 되고 새로 등록이 안되서 이체를 못해요",이체/거래
2026-07-16 23:59:37,개인,iOS,2025-10-02 20:30:40,1,"Rrrrrrrlsjbsvwfzyrieov","[그만바꿔] 앱 디자인좀 그만바꿔라 디자인바꾸고나서 헷갈려죽겠네 적응좀 됐다 싶으면 바꿔놔서 불편해죽겠어",디자인/사용성
2026-07-16 23:59:37,개인,iOS,2025-10-02 09:02:15,1,"저우아피쟅","[업데이트 왜] 다건이체 따로 들어가야하는 불편함 계좌목록 하나하나 열어야하는 불편함 ㅎㅎ 참 불편하네요 모비일 뱅킹 많이 사용하는데",업데이트 불만
2026-07-16 23:59:37,개인,iOS,2025-10-02 07:45:53,1,"누링이","[로그인 안됨] 폰 바꾸고 로그인 첨 하려고 등록 하는데 느림+창이 안뜸 어떻게 로그인 하라는걸까요? 동의에서 넘어가질 않음",로그인
2026-07-16 23:59:37,개인,iOS,2025-10-01 23:08:10,1,"아미틴헐","[앱 디자인 싹 바뀐 후로..] 앱 디자인이 이번에 싹 바뀐 후로 오류 투성!! 로그인 화면도 늦게 뜨고 이체화면도 무한 로딩에.. 뭐를 위한 개편인지.. 개발자님들 체크 안하나요...무한 로딩 화면 블랙아웃에.. 내가내돈 관리하는데 화딱지나서 미쳐버림 목돈 싹다 타은행으로 이동시킴;",로그인
2026-07-16 23:59:37,개인,iOS,2025-10-01 22:40:39,2,"기니피그엉덩이","[구버전 돌려줘요] 아니 카톡도 그렇고 왜이렇게 번잡스러워진건가요ㅠㅠ 원래버전이 더 깔끔하고 보기편했어요 지금 너무 복잡하고 어려워요;;;",디자인/사용성
2026-07-16 23:59:37,개인,iOS,2025-10-01 22:00:56,1,"아이고다운안됨","[아이폰 이체오류] 이체하려고 하는데 밑에 다음 부분이 계속 안나오고 다시실행하면 오류라고 나와요 그전 버전에서는 이런 문제점이 없었는데",앱 실행/오류
2026-07-16 23:59:37,개인,iOS,2025-10-01 21:48:03,1,"리키쀼","[계좌이체어플이거만쓰는데] 짜증나네 요즘렉뭐에요? 체크카드 다른은행으로 갈아타든지해야지",이체/거래
2026-07-16 23:59:37,개인,iOS,2025-10-01 21:47:20,1,"가벼웁게","[툭하면 오류] 어플 업그에이드 된 이후에 툭하면 먹통, 지연. 그동안 한 번도 없던 문제들이 업그레이드 후 지속적으로 생김.",앱 실행/오류
2026-07-16 23:59:37,개인,iOS,2025-10-01 21:45:51,1,"코난도일77","[초기화면 접속이 안되요] 아이폰14프로 초기화면 접속이 계속안됩니다",디자인/사용성
2026-07-16 23:59:37,개인,iOS,2025-10-01 21:45:50,1,"Quffhquffhquffh","[진짜 개별로] 아니 돈 보내야 하는데 들어가지지도 않고 로딩화면만 뜨고 대체 뭔가요 업데이트 하고 렉만 엄청 걸리고 진짜 별로입니다 그전으로 돌려줘요",업데이트 불만
2026-07-16 23:59:37,개인,iOS,2025-10-01 21:40:16,1,"alalmin","[개쓰레기] 군적금 해지해서 이체하려니까 한도제한 해지도 확인 안 된다고 안 되고 이체하려 해도 서버가 이상한지 하루종일 로딩되다가 튕김",앱 실행/오류
2026-07-16 23:59:37,개인,iOS,2025-10-01 20:09:03,1,"Jiascsk","[회원가입 안됨] 아이폰(IOS 26) 에서 기업은행 앱 다운 후 회원가입시 통신사 선택에서 KT가 보이지 않아서 선택 할 수가 없습니다.",기타
2026-07-16 23:59:37,개인,iOS,2025-10-01 16:47:13,1,"쁘니옹","[이번ios26버그 많아요] 계좌이체할려거 설정하면 일부 매뉴 버튼 화면이 사라지는 버그 존재함...그래서 다시 구버전으로 바꿈",앱 실행/오류
2026-07-16 23:59:37,개인,iOS,2025-10-01 16:12:52,1,"붥힑","[ㄹ로그인] 해당 기관 장애로 신분증 진위확인이 어렵습니다. 고객센터 문의 부탁드립니다. (1566-2566) (W02001) 이렇게 떠서 그냥 못들어가요 아예",로그인
2026-07-16 23:59:37,개인,iOS,2025-09-30 22:43:24,1,"좀벌레223521","[검색기능 삭제는 왜????] 결제일날 하루에 많게는 어플로 송금 50건 정도 해야합니다. 기존에는 최근,자주,거래처 그룹도 있고 받는 사람 이름 검색 하면 바로 나왔는데 검색기능을 삭제 해버렸더라고요????? 이제 이체 하려면 계좌번호 은행 하나 하나 다 입려해야하네요 검색기능 돌려 놓으세요ㅡㅡ",이체/거래
2026-07-16 23:59:37,개인,iOS,2025-09-30 19:00:31,1,"우한백곰","[아이폰15프로맥스 송금시 화면 짤림] 성금이 안됨 송금화면에서 아래회면 짤림",이체/거래
2026-07-16 23:59:37,개인,iOS,2025-09-30 18:37:12,1,"푸슈웅","[추가이체, 계좌검색] 최대 5계좌까지 한번에 이체 할 수 있던 기능이랑 최근계좌에서 검색하던 기능 제가 못찾는건가요?",이체/거래
2026-07-16 23:59:37,개인,iOS,2025-09-30 18:21:27,1,"i__cloud","[업데이트 후 무제점 발생] i-ONE BANK 업뎃, iOS 26 업뎃 후 충돌이 일어나는건지 모르겠지만 입금자에 숫자 입력하면 다음으로 넘어가는 탭이 안뜸! 하여 고객센타 통화 후 앱 삭제, 다시 깔았지만 이번엔 약관동의를 하면 또 똑같은 에러로 다음으로 넘어가는 탭이 안뜸(안보이는 키보드 그림자가 가리고 있는것 같은 느낌임) ! 그래서 아예 앱을 사용을 할 수 없음! 하여, 현재는 앱 개발사로 들어가서 구형 앱을 다시 깔아서 사용 중!!! 애플측과 통화를 하시던지 하여 언능 기술적인 문제를 해결해주세요~!!!",앱 실행/오류
2026-07-16 23:59:37,개인,iOS,2025-09-30 17:09:59,1,"강냉김","[업데이트 안하나요?] 아이폰 17 Pro Max 기변후 신분증 촬영 화면 재설치 100번 해봐도 흰 화면만 나옴 언제 수정합니까?",업데이트 불만
2026-07-16 23:59:37,개인,iOS,2025-09-30 15:21:33,1,"야식마니아","[아이폰17프로 호환문제] 아이폰17프로에서 키채드가 입력란을 가리고 동의페이지에서 하단까지 내려가지 않아 동의 완료를 못해서 사용을 못하고 있습니다",기타
2026-07-16 23:59:37,개인,iOS,2025-09-30 07:51:43,1,"긴똑깡","[너무 느려졌어요] 업데이트 하지마세요 암호창 뜨는데 한세월임 아이폰14프로입니다",업데이트 불만
2026-07-16 23:59:37,개인,iOS,2025-09-30 05:55:36,1,"짜증민띵","[앱 상태가 왜이러는 건지] 하단에 정보가 제대로 안나와서 암것도 못함 폰이 이상한줄알고 앱 지우고 새로 깔았더니 같은 증상으로 핸드폰 인증이 안되서 로그인도 못함… 언제 업데이트 되나 당장 추석이 코앞인데",로그인
2026-07-16 23:59:37,개인,iOS,2025-09-30 05:46:47,1,"ㅌㅇㅇㅇㅇㄴㅈ","[어플 개선 안하나요?] 리뷰 답변 달린 크로스페이드 설정 해제되어있는 상태인데도 어플 로그인도 못해요 언제 개선하나요",로그인
2026-07-16 23:59:37,개인,iOS,2025-09-30 04:46:30,1,"햄찌ㅇㅅㅇ","[지로납부 큐알코드 인식] 지로 큐알코드 인식하고나서 다음 화면으로 안넘어가요 제일 잘썼던 기능인데!!!!!!!!!!!",디자인/사용성
2026-07-16 23:59:37,개인,iOS,2025-09-30 01:15:34,1,"ㅋㄹㅎㅎㅎㅎㅎㄹㅎㅎㅎ","[데이터로키면 안들어가져요] 몇일째 데이터로 어플들어가면 안켜집니다;; 빨리 조치 좀 해주세요 불편합니다",기타
2026-07-16 23:59:37,개인,iOS,2025-09-29 22:42:26,1,"꾸잉잉잉","[안됨] 안됨안됨안됨 하단창을 막아놓은건지  애꿎은문자인증만여러번 깔고지웠다만 몇번째",기타
2026-07-16 23:59:37,개인,iOS,2025-09-29 19:06:56,1,"Sorisomi","[아이 씨..] 주거래 은행이라 계속 써야 해서 쓴다마는.  개별매뉴들은 사용성이 좋아졌는데. 예전에는 그 매뉴들에 접근하는게 직관적이었다면. 이제는 일일니 칮아 들어가야 해서 개 짜증. 앱 한번 사용하는데 전체 매뉴를 도데체 몇번을 들어가게 하는건지...",이체/거래
2026-07-16 23:59:37,개인,iOS,2025-09-29 08:02:49,1,"이즐씨발","[잔액이 안보임] 알림에 왜 잔액이 안보이죠? 다시 수정해줘요",기타
2026-07-16 23:59:37,개인,iOS,2025-09-29 06:43:34,1,"(^~^):))","[아이폰17로 바꿨는데 본인인증부터 안되네요] 버튼이 아무것도 안보여요. 거래를 지금 못하고 있어요 이 앱 하나 때문에. 빠른 조치 부탁드립니다.",신분증인식
2026-07-16 23:59:37,개인,iOS,2025-09-28 18:18:55,1,"이별명이미사용중이래잖아씨발","[역대급 쓰레기앱] 기업은행에서 계좌 만든걸 후회하게 만들 정도로 쓰레기 대기업이 업데이트 이딴식으로 하는거면 돈을 대체 어따 쓰는거지?ㅋㅋㅋ",업데이트 불만
2026-07-16 23:59:37,개인,iOS,2025-09-28 17:33:17,1,"아이들히어로","[아이폰  업데이트 이후  안됨] 하단  블랙아웃처럼  가려저서  모든게  안됨  키보드  한번  눌렀다 보면  하단 입력버튼  가려짐  재설치하려해도  재인증  가입조차  안됨  이런건  긴급대응해야하는거  아닌가요?",업데이트 불만
2026-07-17 23:52:57,개인,Android,2026-07-16 13:00:50,2,"Gl “bolic” K","회원가입이 안 됩니다. 신분증 촬영한 다음, 인식된 신분증 확인하는 단계에서 빈 칸 모두 입력 후 '다음' 버튼을 눌러도 아무 반응이 없습니다. 황당하네요.",신분증인식
2026-07-17 23:52:57,개인,Android,2026-07-16 05:32:26,1,"D.B K","이체안한다고 이체 정지한다는게 말이되나",이체/거래
2026-07-17 23:52:57,개인,Android,2026-07-16 04:29:31,1,"정창엽","무슨짓을 해도 휴대폰인증창에서 안넘어감.",기타
2026-07-17 23:52:57,개인,Android,2026-07-16 04:04:53,1,"호두까미","아니 갑자기 개발자모드 왜 막았나요? 개발자들은 기업은행 이용하지 말란건가요?? 제가 개발한 앱 개인폰으로도 테스트하고 다녀서 개발자모드 켜놓는건데 왜 이걸 은행에서 사용 못하게 하나요 심지어 다른 은행 앱들은 잘만 켜지는데요",기타
2026-07-17 23:52:57,개인,Android,2026-07-16 02:27:25,1,"Edward Yu","개발자 모드라고 나오며 접속이 안됨. 삭제하고 다시 설치하려고 진행하면 삭제가 안되어 있음.",기타
2026-07-17 23:52:57,개인,Android,2026-07-16 01:41:31,1,"최상일","세상에 어떤 멍청하신분이 개발자모드면 앱이 실행 안되게 쳐 바꿔놓았을까요 진심으로 가정에 평안이 깨지길 바랍니다 별이 1개도 아깝네요",기타
2026-07-18 23:54:17,개인,Android,2026-07-17 06:38:49,1,"조석기","계속 되는 어플 먹통으로 문의드립니다. 로그인 화면에서 안넘어가지네요. 빠른 조치 안될까요.",로그인
2026-07-19 23:57:40,개인,Android,2026-07-18 10:29:00,1,"류성인","아 이체한도 바꾸는데 인증을 몇번 하냐고 모바일 신분증 인증만 하고 돌아오면 팅기는데 장난합니까? 연속 5번 팅기는게 정상이에요? 진짜 은행을 바꾸던지 해야지",신분증인식
2026-07-19 23:57:40,개인,iOS,2026-07-17 06:45:24,1,"쏭거니","[속도개선 좀 제발] 앱실행시 제발 속도 좀 개선하세요 예전엔 안그랬는데 진짜 로그인해서 첫화면 뜨는데 2-3분은 걸려요 그게 말이 되나요? 캐시삭제? 타은행은 사업자금으로 입출금 내역 하루에 수십건씩 있는데도 로그인 1초면 됩니다 이게 정상이죠  어플 업데이트 하는 사람이 아이폰을 안쓰는건지 진짜 이해가 안가네요",로그인
2026-07-20 23:56:38,개인,Android,2026-07-19 22:43:28,1,"정HC","어플리케이션 업데이트 이후 간헐적으로 인증서를 찾지못해 회원가입페이지로 넘어감 계속 새기기 등록을해야함. 이로인해 필요한 시간 이체를 못함.",업데이트 불만
2026-07-21 23:56:36,개인,Android,2026-07-20 14:06:57,1,"HJ JunG","고객 확인 의무 이행 대상자라면서 나오는 신분증 확인 메뉴는 30분을 시도해도 인식을 못하는데 컨텐츠 테스트는 제대로 하고 적용 하는건지 의심스럽습니다. 이렇게 인식 못할거면 기능을 빼는게 낫다고 봅니다.",신분증인식
2026-07-21 23:56:36,기업,Android,2026-07-20 02:36:46,1,"알뭉","진짜 개멍청하고복잡스럽게만든대가리빻은uiux",디자인/사용성
2026-07-23 00:00:44,개인,Android,2026-07-21 14:18:47,1,"김동화","고객본인인증인지 뭔지 하라그래서 주소 변경하려고 입력했더니 없는 주소라고 누명씌우고 내탓하길래 눈을 씻고 읽어봐도 맞는주소라서 혹시나 해서 시도/시군구 빼고 입력하니까 그제서야 알아먹음. 이게 말이 되는건가?",신분증인식
2026-07-23 00:00:44,개인,Android,2026-07-21 11:02:35,1,"이상봉","f.u",기타
2026-07-23 00:00:44,개인,Android,2026-07-21 05:16:56,1,"지환","별로",기타
2026-07-23 00:00:44,개인,Android,2026-07-21 03:27:36,1,"HealthBoy GOAT","고객확인 이행하라고 해서 진행하는데 신분증 촬영하려고 하면 이 앱이 제 폰카메라를 실행하는 과정에서 카메라가 실행이 안되고 화면이 멈추다가 앱이 아예 종료돼버립니다. 그래서 신분증 촬영이 안 돼서 고객확인 이행을 제가 못 하고 있네요. 덕분에 예금 가입도 못하고 있습니다. 권한 설정 문제 아니고요. 다른 은행앱에서는 잘만됩니다. 제 카메라 문제도 아닙니다. 폰에서 안 돼서 고객확인하러 은행에 직접 가야겠네요.",앱 실행/오류
2026-07-23 00:00:44,개인,Android,2026-07-20 23:58:48,1,"김도윤","앱안열려 지웠다깔아도 안열림",기타
2026-07-24 00:00:48,개인,iOS,2026-07-22 05:44:48,1,"상지니","[주소변경시 검색 안됨] 제1금융권 앱인지 맞나 싶음.아~열받어.이건 장애야 장애.카드배송지때문에 직장주소 변경하는데 검색이 안됨.와 뭐 이런 개쓰레기 같은 경우가 다 있는지 개탄을 금치 못하겠음!!!",기타
2026-07-25 00:03:27,개인,Android,2026-07-24 00:00:34,1,"남수진","앱 사설서버 연결 오류라는데 왜 안되나요?",앱 실행/오류
2026-07-25 00:03:27,개인,Android,2026-07-23 10:56:29,1,"이지영","앱관리안하나요?느리고ㆍ렉먹고 심지어핸드폰을얼마전에바꿔서핸드폰문젠아닐거고ᆢ그전핸드폰에서도그러던이 가끔은들어가지지도않고ㆍ답답해서기업은행이용하겠어요? 오래사용해왔지만 최근1년동안 앱관리가잘이루어지지않는듯하네요ㆍ제대로고치든 좀 잘좀합시다ㆍ",속도/성능
2026-07-25 00:03:27,개인,Android,2026-07-23 05:23:59,1,"권현정","고객확인 대상이라고 신분증 촬영을 해야하는데 촬영도 안되고 바로 어플이 튕겨 버립니다 업데이트도 해보고 매번 다시 시도 해도 이렇게 되네요 가까운 영업점 가라고 등 떠미는건지 잘 쓰고 있었는데 요즘은 몹시 불쾌합니다",앱 실행/오류
2026-07-25 00:03:27,개인,iOS,2026-07-23 01:05:43,1,"^_~v","[신분증 인식3] 별 짓을 해도 안되네요 걍 제가 포기합니다 안 써요",신분증인식
2026-07-26 23:59:24,개인,Android,2026-07-25 07:50:01,1,"AI HEVEN","갑자기 앱 안열려요. 은행앱은 안정성이 중요한데 갑자기 실행안되서 이체 등 거래가 안되면 어떻하라구요",이체/거래
2026-07-26 23:59:24,개인,Android,2026-07-25 02:07:12,1,"임지윤","로그인이 안 되는데 어떻게 쓰라는 건가요? 무슨 로그인 단계 하나 넘어갈 때마다 튕겨서 다섯번은 튕긴것 같네요 쓰지 말라는 뜻이겠죠?",로그인
2026-07-26 23:59:24,개인,iOS,2026-07-25 06:14:59,1,"하늘섬2218","[제로페이 계좌변경이 석달째 안되고 있음….] 업데이트를 받아도 나아지지가 않는데 제로페이 안써요???? 짜증나네요 ….",업데이트 불만
2026-07-26 23:59:24,개인,iOS,2026-07-25 04:22:18,1,"상지니","[주소변경시 검색 안됨] 제1금융권 앱인지 맞나 싶음.아~열받어.이건 장애야 장애.카드배송지때문에 직장주소 변경하는데 검색이 안됨.와 뭐 이런 개쓰레기 같은 경우가 다 있는지 개탄을 금치 못하겠음!!! 기껏 답변을 한다는게 ㅇㅇ로만 입력하라고 한다ㅋㅋㅋㅋㅋㅋㅋ 그럼 필요없는 것 까지 봐야하고 맨밑에 있을 경우 스크롤을 무한으로 해야한다.이게 IBK개발자 수준이다.이양반아 타은행 가서 검색을 해봐라.그리고 네이버지도,카카오맵에서도 검색을 해보아라.그럼 그딴 개소리 안나올거다.내가 현재 신분이 개발자다.뭐 이런 3류 쓰레기 마인드에 개발자가 거기서 일하니 이런 쓰레기앱이 탄생한거다.",기타
2026-07-26 23:59:24,개인,iOS,2026-07-25 02:48:31,1,"냔냐니뇨옹","[너무 느려요] 은행앱이라 보안프로그램이랑 캐시도 많아서 느린거 이해하는데 기업은행은 특히나 너무 심하게 느려서 급할때 너무 답답해요 하...",속도/성능
2026-07-26 23:59:24,개인,iOS,2026-07-24 18:34:05,1,"앙뷔","[렉걸리는지 왜이렇게 로딩이 느린지] 시간이 아무리 지나도 개선되지않네요.. 지금이 어떤시대인데 어플자체가 너무 느리고 맨날 로딩중이라니",속도/성능
2026-07-28 00:02:22,개인,Android,2026-07-26 12:15:58,1,"심성식","언제부터인지 모르겠는데 앱이 상당히 느려졌음. 다른 앱이나 특히 다른 은행 앱들은 그렇지 않은데 왜 기업은행만 이러는 건지 ㅠㅠ",속도/성능
2026-07-28 00:02:22,개인,Android,2026-07-26 06:03:55,1,"S","대낮에 시스템 점검? 그거때문에 중요한 상황에서 입금을 못했네요 정말 원수같은 은행입니다 내 생애 최악의 사용자 경험",이체/거래
2026-07-28 00:02:22,개인,Android,2026-07-26 05:14:02,1,"강나리","앱자체가 안들어가져요 첫화면 하얀바탕에서 그대로있어요 삭제후다시깔아도.. 데이터 캐쉬다 삭제해봐도 전원껏다가 다시삭제하고 깔아도 다안되요.....",디자인/사용성
2026-07-28 00:02:22,개인,Android,2026-07-26 05:12:23,1,"장철","오늘 접속이 너무 너무 느리네요",기타
2026-07-28 00:02:22,개인,Android,2026-07-26 05:03:01,1,"이승훈","업뎃후 렉 심함... 1시간째 로그인,이체시도 짜증나네",로그인
2026-07-28 00:02:22,개인,Android,2026-07-26 05:01:09,2,"정민욱 (꾸엠)","오늘 앱이 안켜져요 아이원알림도, 아이원뱅크도 다안켜지네요 갑자기 하얀화면만뜨고 갑자기 그래요 뭐때문이죠?",디자인/사용성
2026-07-28 00:02:22,개인,Android,2026-07-26 05:00:46,1,"이장군","앱이안열립니다 왜이런걸까요 빠른답변주세요",기타
2026-07-28 00:02:22,개인,Android,2026-07-26 04:59:07,1,"이성민","요 몇일 로그인이 30분 이상걸리는데..어떤조치도 없는거 같네요..",로그인
2026-07-28 00:02:22,개인,Android,2026-07-26 04:54:55,1,"유현림","지난주부터 간헐적으로 로그인 화면에서 아예 넘어가질않거나 무한로딩중인 현상이 발생해서 고객센터에 연락해보니 장애현상이 발생된게 없다네요??몇년째 잘 쓰던 어플이 갑자기 안되는데 그럼 제 핸드폰 문제일까요?? 시간차두고 다시 접속해보라는데 이렇게 매번 불편하게 써야되나요? 기업은행을 주은행으로 사용중인데 지난주 휴가갔을때 굉장히 곤란했었고 지금도 30분째 되지않아서 난감하네요",로그인
2026-07-28 00:02:22,개인,Android,2026-07-26 04:53:57,1,"이미희","지금 로그인이 잘안되고 이체도 안됨 왜이러는거임 목돈들어온거 옮겨야하는데",로그인
2026-07-28 00:02:22,개인,Android,2026-07-26 04:52:42,1,"쥬우라기","인터넷에 연결되지 않았다고 실행이 안되는게 5~6번 반복되고 겨우겨우 들어가도 엄청 느림 핸드폰에 문제가 있나 하고 봐도 아무것도 안됨 오늘 갑자기 그래서 뭐가 문제인지 모르겠네요 하",앱 실행/오류
2026-07-28 00:02:22,개인,Android,2026-07-26 04:51:49,1,"김혁진","로그인이 안됨",로그인
2026-07-28 00:02:22,개인,Android,2026-07-26 04:48:50,1,"dongjin park","로그인이 안됨 인터넷이 연결안됐다는 개솔만 뜨고 송금해야되는데 짱나네",로그인
2026-07-28 00:02:22,개인,Android,2026-07-26 04:42:21,1,"최재호","무한로딩",속도/성능
2026-07-28 00:02:22,개인,Android,2026-07-26 04:33:52,1,"fhcslgl ebxk","어플 안들어가져요. 이제까지 잘썼는데 삭제하고 다시 깔아도 안됨",기타
2026-07-28 00:02:22,개인,Android,2026-07-26 04:31:05,1,"Dong Geun Kim","업데이트후 느려터졌어요",업데이트 불만
2026-07-28 00:02:22,개인,iOS,2026-07-26 05:42:30,1,"사바나2","[은행앱 중엔 제일 늦게 변하고 제일 불편한듯.] 여러앱 써보면서 느끼는 점. 뭔가 사용자 입장에서 사도하는게 아니라 지들 고정관념에 사로잡혀서 눈먼 집단 귀머거리집단이 윗자리 차지하고 있는듯. 그래도 새마을금고랑 아직은 꼴찌를 두고 경쟁중.",기타
2026-07-28 00:02:22,개인,iOS,2026-07-25 22:27:50,1,"ㅏ여여","[하..] 오류가 너무 많아요",앱 실행/오류
2026-07-28 00:02:22,개인,iOS,2026-07-25 22:06:05,1,"djdudugbk","[앱 실행 안됨] 급한 거래가 있는데 앱 실행이 느리고 지웠다 새로 열었는데 앱실행 자체가 안됩니다. 빠른 복구 부탁드립니다.",이체/거래
2026-07-28 00:02:22,개인,iOS,2026-07-25 22:04:04,1,"주촌불닭","[로그인 안됨] 로그인이 왜 안되죠",로그인
2026-07-28 00:02:22,개인,iOS,2026-07-25 22:03:35,1,"감자링링링링링","[아예 사용이 안되는데.....] 업데이트 다시해주세요",업데이트 불만
2026-07-28 00:02:22,개인,iOS,2026-07-25 21:56:28,1,"나레졸메뱌야ㅏ아","[앱 실행속도 개선 필요] 항상은 아니고 가끔 앱 로딩이 몇 분 씩 걸릴 때가 있습니다. 급할 때 사용하려고 하는데 참 난감하네요.. 개선이 안되면은 타 은행으로 넘어가야할 거 같습니다.. 개선 부탁드립니다",속도/성능
2026-07-28 00:02:22,개인,iOS,2026-07-25 21:53:23,1,"r:v","[무한 로딩에 무한 네트워크 오류에 터치도 안됩니다] 재부팅 전 재부팅 후 은행어플 오류로 이체를 해야하는데 이체를 못하고 있습니다.........너무 답답하고 주거래 은행 바꿀때가 됐나보다 싶네요",앱 실행/오류
2026-07-28 00:02:22,개인,iOS,2026-07-25 21:50:09,1,"KDY-","[가끔 접속이 너무 느리네요] 이건 뭐 쓰라는건지 모르겠는데 접속이 안되면 어떻게 쓰라는건지 모르겠네 다른 은행 어플은 이런적이 없는데 너무 느림 접속도 잘 안될때도 있고.",속도/성능
2026-07-28 00:02:22,알림,Android,2026-07-26 04:43:25,1,"최재호","무한로딩",속도/성능
2026-07-28 23:58:01,개인,Android,2026-07-27 13:50:37,1,"김동균 (똥꼬냥이)","앱을 실행시키면.. 무한 로딩이 뭔가요? 언제 실행되는건지.. 타 은행 비해서.. 기업은행앱은 쓰레기 앱이군요.. 이렇게 무한 로딩이되면 실시간 입출금 업무는 어떻게 해야하는지... 요즘 AI시대에 앱관리자를 교체해야하지않을까요?",이체/거래
2026-07-28 23:58:01,개인,Android,2026-07-27 09:00:52,1,"Woo Kim","비밀번호 쓰는거 까다롭네요 개인정보 관련 보안은 문제 없길 ㅡㅡ",로그인
2026-07-28 23:58:01,개인,Android,2026-07-27 02:13:33,1,"이하나","어려운점이많응",기타
2026-07-28 23:58:01,개인,iOS,2026-07-27 02:46:18,1,"독두이","[꽤 자주 너무 심각하게 느려요.] 네트워크 문제라고 뜨고 꺼지기도 하고 로딩 다됐는데 페이지는 빈페이지에 가로 세로 스크롤은 움직이고 있고 로딩 표시도 안뜨기도하고,   유튜브 웹브라우저 다 잘 되는거보면 제폰 네트워크 문제는 아닌거같은데   캐시삭제 누르면 캐시가 삭제된건지 그냥 튕긴건지 앱이 갑자기 꺼지는데 캐시 삭제 성공한건지도 모르겠고   됐다 안됐다 문제가 너무 많아요.   서버 문제인지 아이폰 앱 문제인지 빠른개선좀 부탁드립니다. 아이폰 xs 맥스 ios 18.7.9 씁니다.   업데이트하고 나서 송금 제대로 된적이 거의 없어요.. 다른 앱으로 보내거나 이러고 있습니다.",앱 실행/오류
2026-07-29 23:59:28,개인,Android,2026-07-28 07:33:09,1,"이한울","앱 눌러서 확인하려는데 오류떠서 확인도 안되고 너무 렉도 많이 걸려요. 타 은행 어플듲 즉각 바로 화면뜨고 사용가능한데 좀 고쳐주세요 어플이 너무 불편해요",앱 실행/오류
2026-07-31 00:01:48,개인,Android,2026-07-29 08:54:14,1,"이선태","다시 로그인 인증 귀찮음을 불구하고 삭제하고 재 접속 하는데도 안되네요",로그인
2026-07-31 00:01:48,개인,Android,2026-07-29 00:06:36,1,"구연정","갑자기 로그인 오류떠요ㅡㅡ",로그인
2026-07-31 00:01:48,기업,Android,2026-07-29 07:28:08,1,"도시로","접근성 진짜 최악이다.",기타
2026-08-01 00:02:07,개인,Android,2026-07-30 13:15:39,2,"노민호","신분증 카메라 인증이 왜 이래 어렵게 만들었나요",신분증인식
2026-08-01 00:02:07,개인,Android,2026-07-30 07:45:36,1,"김광현","앱이 너무 느려짐... 타은행 대비 5배는 느려터짐",속도/성능
2026-08-01 00:02:07,개인,Android,2026-07-30 05:03:55,1,"문장양","로딩이 뭔 한세월임 접속이안되네",속도/성능
2026-08-01 00:02:07,개인,iOS,2026-07-30 07:47:31,1,"기업123","[요즘 개느림] ㅈㄱㄴ",속도/성능
2026-08-01 00:02:07,개인,iOS,2026-07-29 18:50:43,1,"교브냉","[너무느림] 너무 느려서 쓸수가 없음 다른 은행 앱은 아무리 써도 느려지지 않는데 기업은행만 느려터짐",속도/성능
2026-08-01 23:57:58,개인,Android,2026-07-31 06:16:35,1,"숲속","최악입니다. 인증까지 다 해야 오류뱉어서 다 다시하게만들고, 여러개 화면 걸쳐 처리해야 하는업무는 하나 처리하면 홈화면으로 다 이동하고 메뉴누르는거 몇십번 해야 업무처리 가능. 모니터링 한답시고 그냥 로그아웃시키고 콜센터 전화해도 아무것도모르고 은행 중 최최최악",로그인
2026-08-01 23:57:58,개인,iOS,2026-07-30 19:14:09,2,"펭귄이조아","[앱이 너무 느려요] 1Mbps에서도 앱 진입, 잔액확인, 송금 정도는 가능해야하는데 앱 진입부터 제대로 안돼요.. 너무 불편해서 자꾸 다른 앱 쓰게 돼요.. 😭😭",이체/거래
2026-08-01 23:57:58,개인,iOS,2026-07-30 18:49:26,1,"Sorisomi","[숨바꼭질 기능추가됨] 주거래 은행이라 계속 써야 해서 쓴다마는.  개별매뉴들은 사용성이 좋아졌는데. 예전에는 그 매뉴들에 접근하는게 직관적이었다면. 이제는 일일이 칮아 들어가야 해서 ..앱 한번 사용하는데 전체 매뉴를 도데체 몇번을 들어가게 하는건지...",이체/거래
2026-08-01 23:57:58,알림,Android,2026-07-31 04:59:29,1,"이영구","계좌이체가 안되요 어떻게 해야하나요",이체/거래
